sheet,fold,arm,row,target,prediction,score_2,score_3,score_4
NIR_spe,0,Sem_PCA,0,2,2,0.9996571083124369,1.1673390569076855e-05,0.0003312182969940976
NIR_spe,0,Sem_PCA,1,2,2,0.9986337328030951,0.00010715400519953003,0.0012591131917055057
NIR_spe,0,Sem_PCA,2,2,2,0.9998439443832831,2.053578664135425e-06,0.00015400203805287515
NIR_spe,0,Sem_PCA,3,2,2,0.999753615442058,2.1475199944745363e-06,0.00024423703794755933
NIR_spe,0,Sem_PCA,4,2,2,0.9995986845072934,8.332455542177996e-06,0.000392983037164493
NIR_spe,0,Sem_PCA,5,2,2,0.9999441350467394,3.372420625553727e-05,2.214074700499175e-05
NIR_spe,0,Sem_PCA,6,2,2,0.9999098085698528,6.66396835326425e-05,2.3551746614712013e-05
NIR_spe,0,Sem_PCA,7,2,2,0.9999039584165155,1.07841734914591e-05,8.525740999326526e-05
NIR_spe,0,Sem_PCA,8,2,2,0.9999652384078943,2.241891271884208e-06,3.251970083378007e-05
NIR_spe,0,Sem_PCA,9,2,2,0.9999309279224914,1.2040418697229663e-05,5.70316588115472e-05
NIR_spe,0,Sem_PCA,10,2,2,0.9947809570587626,0.002035509576894988,0.0031835333643426026
NIR_spe,0,Sem_PCA,11,2,2,0.9997839607116845,3.923813810617263e-05,0.0001768011502093127
NIR_spe,0,Sem_PCA,12,2,2,0.9857313453780251,0.013150743499377055,0.001117911122597885
NIR_spe,0,Sem_PCA,13,2,2,0.9991793498843887,0.0003524024648873825,0.0004682476507237801
NIR_spe,0,Sem_PCA,14,2,2,0.9989831104036352,0.0008086649731723402,0.0002082246231923408
NIR_spe,0,Sem_PCA,15,2,2,0.9968755234553638,0.0030401365310555335,8.434001358074309e-05
NIR_spe,0,Sem_PCA,16,2,2,0.9994819320660896,0.00041112061938598023,0.00010694731452435315
NIR_spe,0,Sem_PCA,17,2,2,0.9972872164520921,0.0025491031684746973,0.0001636803794331662
NIR_spe,0,Sem_PCA,18,2,2,0.9925015424892817,0.0071769731242666375,0.000321484386451698
NIR_spe,0,Sem_PCA,19,2,2,0.9932372409537304,0.006735289953213924,2.746909305564693e-05
NIR_spe,0,Sem_PCA,20,2,2,0.999720079760789,0.00016645911929900943,0.0001134611199118624
NIR_spe,0,Sem_PCA,21,2,2,0.9544869014284482,0.04489139083031392,0.0006217077412380285
NIR_spe,0,Sem_PCA,22,2,2,0.9961242351215825,0.0024900714620214688,0.0013856934163961434
NIR_spe,0,Sem_PCA,23,2,2,0.9444846549616899,0.05507886397374365,0.0004364810645666225
NIR_spe,0,Sem_PCA,24,2,2,0.9980329372134346,0.0016338012359529345,0.00033326155061235856
NIR_spe,0,Sem_PCA,25,2,2,0.9996537811632347,2.0445023651291447e-05,0.00032577381311423926
NIR_spe,0,Sem_PCA,26,2,2,0.9997877613493629,8.613820518530407e-06,0.0002036248301186106
NIR_spe,0,Sem_PCA,270,3,4,0.2904683699412006,0.09026274022174897,0.6192688898370503
NIR_spe,0,Sem_PCA,271,3,2,0.9265912113522164,0.029615159876304614,0.0437936287714788
NIR_spe,0,Sem_PCA,272,3,4,0.27962372865319113,0.05072097834353143,0.6696552930032775
NIR_spe,0,Sem_PCA,273,3,4,0.30550868407369347,0.06638007884918072,0.6281112370771255
NIR_spe,0,Sem_PCA,274,3,2,0.9054182625176734,0.029091280110418796,0.06549045737190798
NIR_spe,0,Sem_PCA,275,3,3,0.00887585804690917,0.9494607920020912,0.0416633499509995
NIR_spe,0,Sem_PCA,276,3,3,0.01774889373944332,0.9639594828156494,0.018291623444907264
NIR_spe,0,Sem_PCA,277,3,3,0.004694291095403743,0.9604676608856785,0.03483804801891778
NIR_spe,0,Sem_PCA,278,3,3,0.008335535520190942,0.96293376792696,0.028730696552849006
NIR_spe,0,Sem_PCA,355,4,4,0.00226901608186614,0.005168913828098704,0.9925620700900353
NIR_spe,0,Sem_PCA,356,4,4,0.003774245518802297,0.00607341671183534,0.9901523377693625
NIR_spe,0,Sem_PCA,357,4,4,0.002257558170461087,0.003931901011795759,0.9938105408177433
NIR_spe,0,Sem_PCA,358,4,4,0.0017791445914163932,0.0033880487422987683,0.9948328066662848
NIR_spe,0,Sem_PCA,359,4,4,0.004984831892240459,0.006964811053211443,0.9880503570545481
NIR_spe,0,Sem_PCA,360,4,4,0.05015915564823172,0.017235238442238617,0.9326056059095297
NIR_spe,0,Com_PCA,0,2,2,0.9997514121177248,3.341891225739803e-06,0.00024524599104942905
NIR_spe,0,Com_PCA,1,2,2,0.9990671936993706,2.7286192367645968e-05,0.0009055201082617377
NIR_spe,0,Com_PCA,2,2,2,0.9998960887545991,3.103817462178268e-07,0.00010360086365453692
NIR_spe,0,Com_PCA,3,2,2,0.999806822789377,4.414344778102758e-07,0.00019273577614522128
NIR_spe,0,Com_PCA,4,2,2,0.9997006363449922,1.860296088050977e-06,0.0002975033589198111
NIR_spe,0,Com_PCA,5,2,2,0.9999618043565878,2.6140820748483215e-05,1.2054822663891307e-05
NIR_spe,0,Com_PCA,6,2,2,0.9999469776154634,4.0357125211585525e-05,1.2665259325102448e-05
NIR_spe,0,Com_PCA,7,2,2,0.9999386854711957,6.241567927045876e-06,5.507296087709464e-05
NIR_spe,0,Com_PCA,8,2,2,0.9999803696320457,7.606423417562667e-07,1.886972561252871e-05
NIR_spe,0,Com_PCA,9,2,2,0.9999626025053077,7.5172762927461776e-06,2.9880218399503057e-05
NIR_spe,0,Com_PCA,10,2,2,0.9931453040304367,0.0023440055828031037,0.004510690386760267
NIR_spe,0,Com_PCA,11,2,2,0.9998044524574962,1.4733165139999314e-05,0.00018081437736397135
NIR_spe,0,Com_PCA,12,2,2,0.9859305032834769,0.01288930023064864,0.00118019648587431
NIR_spe,0,Com_PCA,13,2,2,0.9993263326237165,0.0001458942271396771,0.0005277731491437406
NIR_spe,0,Com_PCA,14,2,2,0.9992721940998865,0.0005189303084881068,0.00020887559162520507
NIR_spe,0,Com_PCA,15,2,2,0.996252472028525,0.003686333046660779,6.119492481421258e-05
NIR_spe,0,Com_PCA,16,2,2,0.9996679255791964,0.000253905047509296,7.816937329430912e-05
NIR_spe,0,Com_PCA,17,2,2,0.9982085316138811,0.001687747500129339,0.00010372088598944433
NIR_spe,0,Com_PCA,18,2,2,0.9964651594222103,0.0033493517083851903,0.0001854888694044846
NIR_spe,0,Com_PCA,19,2,2,0.9942093937865644,0.005772419717948094,1.8186495487831898e-05
NIR_spe,0,Com_PCA,20,2,2,0.9998266175936029,9.0974106446334e-05,8.240829995072299e-05
NIR_spe,0,Com_PCA,21,2,2,0.9580993100504477,0.041469658954368716,0.00043103099518358305
NIR_spe,0,Com_PCA,22,2,2,0.9975461138367072,0.001482084937806079,0.0009718012254868726
NIR_spe,0,Com_PCA,23,2,2,0.9568351216196709,0.042847519922822846,0.0003173584575063706
NIR_spe,0,Com_PCA,24,2,2,0.9988326622345955,0.0009423616988239184,0.0002249760665805522
NIR_spe,0,Com_PCA,25,2,2,0.9997546594131272,8.067791581331e-06,0.00023727279529122197
NIR_spe,0,Com_PCA,26,2,2,0.9998486423844982,2.1481369801436328e-06,0.00014920947852155818
NIR_spe,0,Com_PCA,270,3,4,0.31258146289784433,0.04036108965849467,0.647057447443661
NIR_spe,0,Com_PCA,271,3,2,0.9724564191697023,0.014404359683494822,0.013139221146802884
NIR_spe,0,Com_PCA,272,3,4,0.34840470208252927,0.023818195282578357,0.6277771026348925
NIR_spe,0,Com_PCA,273,3,4,0.4775461661092744,0.036419129759987796,0.4860347041307375
NIR_spe,0,Com_PCA,274,3,2,0.9623332086427572,0.011220975828638418,0.026445815528604356
NIR_spe,0,Com_PCA,275,3,3,0.01145965563955867,0.945540119497288,0.043000224863153295
NIR_spe,0,Com_PCA,276,3,3,0.018215728207954,0.9677915848441826,0.013992686947863344
NIR_spe,0,Com_PCA,277,3,3,0.005743902313183316,0.9600584132794633,0.03419768440735329
NIR_spe,0,Com_PCA,278,3,3,0.012017841379885081,0.9592556380529264,0.02872652056718868
NIR_spe,0,Com_PCA,355,4,4,0.0021604061957216213,0.0036493656411507283,0.9941902281631277
NIR_spe,0,Com_PCA,356,4,4,0.003790090704459876,0.004679275326564369,0.9915306339689757
NIR_spe,0,Com_PCA,357,4,4,0.0018075118853420418,0.002691595049667865,0.9955008930649901
NIR_spe,0,Com_PCA,358,4,4,0.0014092779673636447,0.0019817153574665652,0.9966090066751698
NIR_spe,0,Com_PCA,359,4,4,0.004835002663521217,0.004990657016090813,0.9901743403203881
NIR_spe,0,Com_PCA,360,4,4,0.03958836022119239,0.01661004677671572,0.943801593002092
NIR_spe,0,Selecao_interna,0,2,2,0.9997514121177248,3.341891225739803e-06,0.00024524599104942905
NIR_spe,0,Selecao_interna,1,2,2,0.9990671936993706,2.7286192367645968e-05,0.0009055201082617377
NIR_spe,0,Selecao_interna,2,2,2,0.9998960887545991,3.103817462178268e-07,0.00010360086365453692
NIR_spe,0,Selecao_interna,3,2,2,0.999806822789377,4.414344778102758e-07,0.00019273577614522128
NIR_spe,0,Selecao_interna,4,2,2,0.9997006363449922,1.860296088050977e-06,0.0002975033589198111
NIR_spe,0,Selecao_interna,5,2,2,0.9999618043565878,2.6140820748483215e-05,1.2054822663891307e-05
NIR_spe,0,Selecao_interna,6,2,2,0.9999469776154634,4.0357125211585525e-05,1.2665259325102448e-05
NIR_spe,0,Selecao_interna,7,2,2,0.9999386854711957,6.241567927045876e-06,5.507296087709464e-05
NIR_spe,0,Selecao_interna,8,2,2,0.9999803696320457,7.606423417562667e-07,1.886972561252871e-05
NIR_spe,0,Selecao_interna,9,2,2,0.9999626025053077,7.5172762927461776e-06,2.9880218399503057e-05
NIR_spe,0,Selecao_interna,10,2,2,0.9931453040304367,0.0023440055828031037,0.004510690386760267
NIR_spe,0,Selecao_interna,11,2,2,0.9998044524574962,1.4733165139999314e-05,0.00018081437736397135
NIR_spe,0,Selecao_interna,12,2,2,0.9859305032834769,0.01288930023064864,0.00118019648587431
NIR_spe,0,Selecao_interna,13,2,2,0.9993263326237165,0.0001458942271396771,0.0005277731491437406
NIR_spe,0,Selecao_interna,14,2,2,0.9992721940998865,0.0005189303084881068,0.00020887559162520507
NIR_spe,0,Selecao_interna,15,2,2,0.996252472028525,0.003686333046660779,6.119492481421258e-05
NIR_spe,0,Selecao_interna,16,2,2,0.9996679255791964,0.000253905047509296,7.816937329430912e-05
NIR_spe,0,Selecao_interna,17,2,2,0.9982085316138811,0.001687747500129339,0.00010372088598944433
NIR_spe,0,Selecao_interna,18,2,2,0.9964651594222103,0.0033493517083851903,0.0001854888694044846
NIR_spe,0,Selecao_interna,19,2,2,0.9942093937865644,0.005772419717948094,1.8186495487831898e-05
NIR_spe,0,Selecao_interna,20,2,2,0.9998266175936029,9.0974106446334e-05,8.240829995072299e-05
NIR_spe,0,Selecao_interna,21,2,2,0.9580993100504477,0.041469658954368716,0.00043103099518358305
NIR_spe,0,Selecao_interna,22,2,2,0.9975461138367072,0.001482084937806079,0.0009718012254868726
NIR_spe,0,Selecao_interna,23,2,2,0.9568351216196709,0.042847519922822846,0.0003173584575063706
NIR_spe,0,Selecao_interna,24,2,2,0.9988326622345955,0.0009423616988239184,0.0002249760665805522
NIR_spe,0,Selecao_interna,25,2,2,0.9997546594131272,8.067791581331e-06,0.00023727279529122197
NIR_spe,0,Selecao_interna,26,2,2,0.9998486423844982,2.1481369801436328e-06,0.00014920947852155818
NIR_spe,0,Selecao_interna,270,3,4,0.31258146289784433,0.04036108965849467,0.647057447443661
NIR_spe,0,Selecao_interna,271,3,2,0.9724564191697023,0.014404359683494822,0.013139221146802884
NIR_spe,0,Selecao_interna,272,3,4,0.34840470208252927,0.023818195282578357,0.6277771026348925
NIR_spe,0,Selecao_interna,273,3,4,0.4775461661092744,0.036419129759987796,0.4860347041307375
NIR_spe,0,Selecao_interna,274,3,2,0.9623332086427572,0.011220975828638418,0.026445815528604356
NIR_spe,0,Selecao_interna,275,3,3,0.01145965563955867,0.945540119497288,0.043000224863153295
NIR_spe,0,Selecao_interna,276,3,3,0.018215728207954,0.9677915848441826,0.013992686947863344
NIR_spe,0,Selecao_interna,277,3,3,0.005743902313183316,0.9600584132794633,0.03419768440735329
NIR_spe,0,Selecao_interna,278,3,3,0.012017841379885081,0.9592556380529264,0.02872652056718868
NIR_spe,0,Selecao_interna,355,4,4,0.0021604061957216213,0.0036493656411507283,0.9941902281631277
NIR_spe,0,Selecao_interna,356,4,4,0.003790090704459876,0.004679275326564369,0.9915306339689757
NIR_spe,0,Selecao_interna,357,4,4,0.0018075118853420418,0.002691595049667865,0.9955008930649901
NIR_spe,0,Selecao_interna,358,4,4,0.0014092779673636447,0.0019817153574665652,0.9966090066751698
NIR_spe,0,Selecao_interna,359,4,4,0.004835002663521217,0.004990657016090813,0.9901743403203881
NIR_spe,0,Selecao_interna,360,4,4,0.03958836022119239,0.01661004677671572,0.943801593002092
NIR_spe,1,Sem_PCA,27,2,2,0.9991326163292849,4.5116215139989916e-05,0.0008222674555751298
NIR_spe,1,Sem_PCA,28,2,2,0.999488678403029,4.559812649707739e-06,0.0005067617843211885
NIR_spe,1,Sem_PCA,29,2,2,0.9995411614834733,5.150472911589606e-06,0.00045368804361510534
NIR_spe,1,Sem_PCA,30,2,2,0.9997183070912303,8.430853043454526e-06,0.00027326205572626694
NIR_spe,1,Sem_PCA,31,2,2,0.9997102071106384,2.1843902640032815e-05,0.00026794898672153413
NIR_spe,1,Sem_PCA,32,2,2,0.9994520333820461,8.965710740571941e-06,0.0005390009072133118
NIR_spe,1,Sem_PCA,33,2,2,0.9992102852748882,0.00017071983905870078,0.0006189948860530104
NIR_spe,1,Sem_PCA,34,2,2,0.9994550106481747,5.475544689381402e-05,0.0004902339049313863
NIR_spe,1,Sem_PCA,35,2,2,0.9981076996193287,0.0014023068316357228,0.0004899935490356722
NIR_spe,1,Sem_PCA,36,2,2,0.9993540120114769,0.00028103557371053194,0.00036495241481279434
NIR_spe,1,Sem_PCA,37,2,2,0.9988343187319026,0.0005370954526023792,0.0006285858154949136
NIR_spe,1,Sem_PCA,38,2,2,0.9993628758257231,0.00015761265690691234,0.0004795115173700279
NIR_spe,1,Sem_PCA,39,2,2,0.9993696071948797,0.0001953536948340218,0.0004350391102861942
NIR_spe,1,Sem_PCA,40,2,2,0.9890069448786799,0.004897263719591687,0.006095791401728476
NIR_spe,1,Sem_PCA,41,2,2,0.9823745869186818,0.006243378756326666,0.011382034324991642
NIR_spe,1,Sem_PCA,42,2,2,0.9860801680989146,0.007168732995387985,0.006751098905697295
NIR_spe,1,Sem_PCA,43,2,2,0.9794385039090276,0.007016868586805077,0.013544627504167427
NIR_spe,1,Sem_PCA,44,2,2,0.983587825339647,0.007816817547573934,0.008595357112778963
NIR_spe,1,Sem_PCA,45,2,2,0.9708163531319086,0.00038234273522826085,0.028801304132863196
NIR_spe,1,Sem_PCA,46,2,2,0.9658140841563864,0.0005023562189817155,0.03368355962463191
NIR_spe,1,Sem_PCA,47,2,2,0.9789573296983098,0.00022229169042755113,0.020820378611262753
NIR_spe,1,Sem_PCA,48,2,2,0.9923788380740038,3.375455629341004e-05,0.007587407369702682
NIR_spe,1,Sem_PCA,49,2,2,0.9873478867315495,7.959470881259435e-05,0.012572518559637957
NIR_spe,1,Sem_PCA,50,2,2,0.9940713731483866,0.003940396283994028,0.0019882305676192685
NIR_spe,1,Sem_PCA,51,2,2,0.9943351382523088,0.004235719860759191,0.0014291418869321177
NIR_spe,1,Sem_PCA,52,2,2,0.9926634339285754,0.00638465136252515,0.0009519147088994177
NIR_spe,1,Sem_PCA,53,2,2,0.9935269294769683,0.00530717874844945,0.0011658917745823803
NIR_spe,1,Sem_PCA,279,3,3,0.024065350794095844,0.9499316401923577,0.02600300901354638
NIR_spe,1,Sem_PCA,280,3,2,0.6413391137770458,0.12821463376919406,0.23044625245376024
NIR_spe,1,Sem_PCA,281,3,2,0.6411880277742849,0.1283631794664728,0.23044879275924238
NIR_spe,1,Sem_PCA,282,3,2,0.6418408067855647,0.12815348773291002,0.23000570548152519
NIR_spe,1,Sem_PCA,283,3,2,0.6399374033722869,0.12917976892884286,0.23088282769887003
NIR_spe,1,Sem_PCA,284,3,2,0.6420853889993254,0.12811356603000496,0.22980104497066967
NIR_spe,1,Sem_PCA,285,3,3,0.08748054771581147,0.8716358373330721,0.04088361495111654
NIR_spe,1,Sem_PCA,286,3,3,0.03488491086149896,0.9560510156922037,0.009064073446297474
NIR_spe,1,Sem_PCA,287,3,3,0.053293773221134474,0.8178943566919195,0.12881187008694595
NIR_spe,1,Sem_PCA,361,4,2,0.7691062707630852,0.03761864866243618,0.1932750805744784
NIR_spe,1,Sem_PCA,362,4,4,0.061055644474267645,0.05530096127734884,0.8836433942483837
NIR_spe,1,Sem_PCA,363,4,4,0.12297962731585975,0.1164524900693128,0.7605678826148274
NIR_spe,1,Sem_PCA,364,4,4,0.3006986350420066,0.05749075736337052,0.6418106075946227
NIR_spe,1,Sem_PCA,365,4,4,0.01437215273833314,0.027537236584206308,0.9580906106774606
NIR_spe,1,Sem_PCA,366,4,4,0.013573809646064817,0.022734733413626147,0.9636914569403088
NIR_spe,1,Com_PCA,27,2,2,0.9992828888377427,1.4754005834781444e-05,0.0007023571564226345
NIR_spe,1,Com_PCA,28,2,2,0.9995399531870754,1.3948809765015138e-06,0.0004586519319479254
NIR_spe,1,Com_PCA,29,2,2,0.9996280062819393,1.2942186719401432e-06,0.0003706994993889144
NIR_spe,1,Com_PCA,30,2,2,0.9997810792707357,2.9947151212541683e-06,0.0002159260141431799
NIR_spe,1,Com_PCA,31,2,2,0.9997746801683065,7.932637254284287e-06,0.0002173871944390954
NIR_spe,1,Com_PCA,32,2,2,0.999548173585763,3.2498010375599443e-06,0.0004485766131992333
NIR_spe,1,Com_PCA,33,2,2,0.9994301238185483,0.00011879061051580438,0.00045108557093575635
NIR_spe,1,Com_PCA,34,2,2,0.9995806048953895,1.9091715192412716e-05,0.00040030338941815144
NIR_spe,1,Com_PCA,35,2,2,0.9987564178318601,0.0008946123336363756,0.0003489698345037021
NIR_spe,1,Com_PCA,36,2,2,0.9995176325597485,0.0001336616637671225,0.0003487057764844627
NIR_spe,1,Com_PCA,37,2,2,0.9990883381041531,0.0003878078708301114,0.0005238540250167185
NIR_spe,1,Com_PCA,38,2,2,0.9994979503632283,8.255602732708019e-05,0.00041949360944453087
NIR_spe,1,Com_PCA,39,2,2,0.9995376238652516,7.561354824846271e-05,0.0003867625865000175
NIR_spe,1,Com_PCA,40,2,2,0.9937686474847958,0.002900472929023292,0.0033308795861809724
NIR_spe,1,Com_PCA,41,2,2,0.989758901079434,0.0036112131589989644,0.006629885761566923
NIR_spe,1,Com_PCA,42,2,2,0.9915163138208746,0.0047823385924712965,0.0037013475866541218
NIR_spe,1,Com_PCA,43,2,2,0.9874369267727354,0.00448185329560569,0.008081219931658588
NIR_spe,1,Com_PCA,44,2,2,0.9900928255142132,0.005007384167506168,0.004899790318280725
NIR_spe,1,Com_PCA,45,2,2,0.9659470756104868,0.0005353699220514085,0.03351755446746178
NIR_spe,1,Com_PCA,46,2,2,0.9597236731907646,0.0006921538448384669,0.039584172964397014
NIR_spe,1,Com_PCA,47,2,2,0.9766712193851885,0.000300525980285695,0.023028254634525767
NIR_spe,1,Com_PCA,48,2,2,0.99202061755336,4.1884243431694935e-05,0.007937498203208215
NIR_spe,1,Com_PCA,49,2,2,0.98526377140072,0.00010754043129594045,0.014628688167984114
NIR_spe,1,Com_PCA,50,2,2,0.9953308975953717,0.003603458751393202,0.0010656436532348091
NIR_spe,1,Com_PCA,51,2,2,0.9952624444213128,0.004032762928568301,0.0007047926501187364
NIR_spe,1,Com_PCA,52,2,2,0.9921691103313193,0.007342504817240796,0.0004883848514396213
NIR_spe,1,Com_PCA,53,2,2,0.994582796055746,0.0048490378167755305,0.0005681661274784686
NIR_spe,1,Com_PCA,279,3,3,0.027434413322145756,0.9476510761867445,0.024914510491109494
NIR_spe,1,Com_PCA,280,3,2,0.6824317143307519,0.08859416715216967,0.22897411851707836
NIR_spe,1,Com_PCA,281,3,2,0.6795234189278082,0.08983260343722115,0.23064397763497066
NIR_spe,1,Com_PCA,282,3,2,0.6823665718018568,0.08869071049235783,0.22894271770578506
NIR_spe,1,Com_PCA,283,3,2,0.682004263847226,0.08920031897190285,0.22879541718087104
NIR_spe,1,Com_PCA,284,3,2,0.6877627625636794,0.08697089453138501,0.22526634290493555
NIR_spe,1,Com_PCA,285,3,3,0.06921834925364508,0.8847649076257902,0.046016743120564536
NIR_spe,1,Com_PCA,286,3,3,0.025790715719030435,0.9660301591955581,0.008179125085411493
NIR_spe,1,Com_PCA,287,3,3,0.07523305775638424,0.7835189126383466,0.14124802960526908
NIR_spe,1,Com_PCA,361,4,2,0.8139754675873233,0.017838298734643276,0.1681862336780338
NIR_spe,1,Com_PCA,362,4,4,0.0645364880526496,0.04984574138762431,0.8856177705597261
NIR_spe,1,Com_PCA,363,4,4,0.1623569265061898,0.09934308677673204,0.7382999867170783
NIR_spe,1,Com_PCA,364,4,4,0.30195814298374984,0.04567545522443564,0.6523664017918142
NIR_spe,1,Com_PCA,365,4,4,0.013891228359894483,0.034004939567070555,0.9521038320730351
NIR_spe,1,Com_PCA,366,4,4,0.01345758290762788,0.024032008598555834,0.9625104084938163
NIR_spe,1,Selecao_interna,27,2,2,0.9991326163292849,4.5116215139989916e-05,0.0008222674555751298
NIR_spe,1,Selecao_interna,28,2,2,0.999488678403029,4.559812649707739e-06,0.0005067617843211885
NIR_spe,1,Selecao_interna,29,2,2,0.9995411614834733,5.150472911589606e-06,0.00045368804361510534
NIR_spe,1,Selecao_interna,30,2,2,0.9997183070912303,8.430853043454526e-06,0.00027326205572626694
NIR_spe,1,Selecao_interna,31,2,2,0.9997102071106384,2.1843902640032815e-05,0.00026794898672153413
NIR_spe,1,Selecao_interna,32,2,2,0.9994520333820461,8.965710740571941e-06,0.0005390009072133118
NIR_spe,1,Selecao_interna,33,2,2,0.9992102852748882,0.00017071983905870078,0.0006189948860530104
NIR_spe,1,Selecao_interna,34,2,2,0.9994550106481747,5.475544689381402e-05,0.0004902339049313863
NIR_spe,1,Selecao_interna,35,2,2,0.9981076996193287,0.0014023068316357228,0.0004899935490356722
NIR_spe,1,Selecao_interna,36,2,2,0.9993540120114769,0.00028103557371053194,0.00036495241481279434
NIR_spe,1,Selecao_interna,37,2,2,0.9988343187319026,0.0005370954526023792,0.0006285858154949136
NIR_spe,1,Selecao_interna,38,2,2,0.9993628758257231,0.00015761265690691234,0.0004795115173700279
NIR_spe,1,Selecao_interna,39,2,2,0.9993696071948797,0.0001953536948340218,0.0004350391102861942
NIR_spe,1,Selecao_interna,40,2,2,0.9890069448786799,0.004897263719591687,0.006095791401728476
NIR_spe,1,Selecao_interna,41,2,2,0.9823745869186818,0.006243378756326666,0.011382034324991642
NIR_spe,1,Selecao_interna,42,2,2,0.9860801680989146,0.007168732995387985,0.006751098905697295
NIR_spe,1,Selecao_interna,43,2,2,0.9794385039090276,0.007016868586805077,0.013544627504167427
NIR_spe,1,Selecao_interna,44,2,2,0.983587825339647,0.007816817547573934,0.008595357112778963
NIR_spe,1,Selecao_interna,45,2,2,0.9708163531319086,0.00038234273522826085,0.028801304132863196
NIR_spe,1,Selecao_interna,46,2,2,0.9658140841563864,0.0005023562189817155,0.03368355962463191
NIR_spe,1,Selecao_interna,47,2,2,0.9789573296983098,0.00022229169042755113,0.020820378611262753
NIR_spe,1,Selecao_interna,48,2,2,0.9923788380740038,3.375455629341004e-05,0.007587407369702682
NIR_spe,1,Selecao_interna,49,2,2,0.9873478867315495,7.959470881259435e-05,0.012572518559637957
NIR_spe,1,Selecao_interna,50,2,2,0.9940713731483866,0.003940396283994028,0.0019882305676192685
NIR_spe,1,Selecao_interna,51,2,2,0.9943351382523088,0.004235719860759191,0.0014291418869321177
NIR_spe,1,Selecao_interna,52,2,2,0.9926634339285754,0.00638465136252515,0.0009519147088994177
NIR_spe,1,Selecao_interna,53,2,2,0.9935269294769683,0.00530717874844945,0.0011658917745823803
NIR_spe,1,Selecao_interna,279,3,3,0.024065350794095844,0.9499316401923577,0.02600300901354638
NIR_spe,1,Selecao_interna,280,3,2,0.6413391137770458,0.12821463376919406,0.23044625245376024
NIR_spe,1,Selecao_interna,281,3,2,0.6411880277742849,0.1283631794664728,0.23044879275924238
NIR_spe,1,Selecao_interna,282,3,2,0.6418408067855647,0.12815348773291002,0.23000570548152519
NIR_spe,1,Selecao_interna,283,3,2,0.6399374033722869,0.12917976892884286,0.23088282769887003
NIR_spe,1,Selecao_interna,284,3,2,0.6420853889993254,0.12811356603000496,0.22980104497066967
NIR_spe,1,Selecao_interna,285,3,3,0.08748054771581147,0.8716358373330721,0.04088361495111654
NIR_spe,1,Selecao_interna,286,3,3,0.03488491086149896,0.9560510156922037,0.009064073446297474
NIR_spe,1,Selecao_interna,287,3,3,0.053293773221134474,0.8178943566919195,0.12881187008694595
NIR_spe,1,Selecao_interna,361,4,2,0.7691062707630852,0.03761864866243618,0.1932750805744784
NIR_spe,1,Selecao_interna,362,4,4,0.061055644474267645,0.05530096127734884,0.8836433942483837
NIR_spe,1,Selecao_interna,363,4,4,0.12297962731585975,0.1164524900693128,0.7605678826148274
NIR_spe,1,Selecao_interna,364,4,4,0.3006986350420066,0.05749075736337052,0.6418106075946227
NIR_spe,1,Selecao_interna,365,4,4,0.01437215273833314,0.027537236584206308,0.9580906106774606
NIR_spe,1,Selecao_interna,366,4,4,0.013573809646064817,0.022734733413626147,0.9636914569403088
NIR_spe,2,Sem_PCA,54,2,2,0.9685485913073059,0.024333769463910603,0.0071176392287833085
NIR_spe,2,Sem_PCA,55,2,2,0.9833891412389566,0.015514635009089905,0.0010962237519532975
NIR_spe,2,Sem_PCA,56,2,2,0.9857164886961474,0.013776077562149432,0.0005074337417032928
NIR_spe,2,Sem_PCA,57,2,2,0.9918942504826226,0.007448677581639242,0.0006570719357382102
NIR_spe,2,Sem_PCA,58,2,2,0.9891722916459819,0.009792052860680682,0.0010356554933375027
NIR_spe,2,Sem_PCA,59,2,2,0.9886667515108707,0.010529047419594572,0.000804201069534824
NIR_spe,2,Sem_PCA,60,2,2,0.9518727958967427,0.04252602830435057,0.0056011757989068225
NIR_spe,2,Sem_PCA,61,2,2,0.8707094915719515,0.11632625091070932,0.01296425751733924
NIR_spe,2,Sem_PCA,62,2,2,0.9518969734086187,0.03989284530844523,0.00821018128293625
NIR_spe,2,Sem_PCA,63,2,2,0.955299620922864,0.03744800571870064,0.0072523733584355845
NIR_spe,2,Sem_PCA,64,2,2,0.9153530133322018,0.07412655408504659,0.010520432582751687
NIR_spe,2,Sem_PCA,65,2,2,0.9829369530817766,0.014753452163721799,0.0023095947545011433
NIR_spe,2,Sem_PCA,66,2,2,0.9807243436640193,0.017920986773276446,0.0013546695627042451
NIR_spe,2,Sem_PCA,67,2,2,0.9811782831226428,0.016792909439568637,0.002028807437788544
NIR_spe,2,Sem_PCA,68,2,2,0.9907981767401653,0.006279032969078856,0.0029227902907558267
NIR_spe,2,Sem_PCA,69,2,2,0.9829518467438387,0.015738714935526258,0.001309438320634981
NIR_spe,2,Sem_PCA,70,2,2,0.9883345358554633,0.010330747504184914,0.0013347166403517247
NIR_spe,2,Sem_PCA,71,2,2,0.974044536055709,0.021754581535847937,0.004200882408443042
NIR_spe,2,Sem_PCA,72,2,2,0.9881644631227836,0.010703041153724708,0.0011324957234919253
NIR_spe,2,Sem_PCA,73,2,2,0.985243859785649,0.013045359176462148,0.001710781037888924
NIR_spe,2,Sem_PCA,74,2,2,0.9887583772808185,0.010094317458252537,0.0011473052609290305
NIR_spe,2,Sem_PCA,75,2,2,0.9891314127764431,0.0085498082816653,0.0023187789418915683
NIR_spe,2,Sem_PCA,76,2,2,0.9848630239527618,0.012433701943416588,0.002703274103821831
NIR_spe,2,Sem_PCA,77,2,2,0.9734505973606348,0.011645109991948982,0.014904292647416426
NIR_spe,2,Sem_PCA,78,2,2,0.9842292232627093,0.010774675018546651,0.00499610171874417
NIR_spe,2,Sem_PCA,79,2,2,0.9886972534492825,0.009941503488981039,0.0013612430617365963
NIR_spe,2,Sem_PCA,80,2,2,0.9482232202019256,0.01660261890070215,0.035174160897372436
NIR_spe,2,Sem_PCA,288,3,3,0.2070782128494844,0.7353219762313757,0.0575998109191398
NIR_spe,2,Sem_PCA,289,3,3,0.12063684771537332,0.8289954694981602,0.050367682786466396
NIR_spe,2,Sem_PCA,290,3,3,0.16386561128174543,0.8243654191006575,0.01176896961759677
NIR_spe,2,Sem_PCA,291,3,3,0.15888901319598978,0.8288627179532564,0.012248268850753733
NIR_spe,2,Sem_PCA,292,3,3,0.18500965289195895,0.8039982067530492,0.010992140354991764
NIR_spe,2,Sem_PCA,293,3,3,0.1752371719931775,0.8113775688563677,0.013385259150454942
NIR_spe,2,Sem_PCA,294,3,3,0.2518799574702585,0.7329157956317123,0.015204246898029128
NIR_spe,2,Sem_PCA,295,3,3,0.07318964700316709,0.8010382418803013,0.1257721111165319
NIR_spe,2,Sem_PCA,296,3,3,0.06556386313861307,0.8849629938973639,0.04947314296402312
NIR_spe,2,Sem_PCA,367,4,4,0.013536276127304549,0.02059066962204411,0.9658730542506516
NIR_spe,2,Sem_PCA,368,4,4,0.009644853799512828,0.007965822511941202,0.9823893236885459
NIR_spe,2,Sem_PCA,369,4,4,0.006980109448557291,0.009354703667195308,0.9836651868842473
NIR_spe,2,Sem_PCA,370,4,4,0.01176742783582873,0.02292132010725806,0.9653112520569131
NIR_spe,2,Sem_PCA,371,4,4,0.012335462239524081,0.023097319813867683,0.9645672179466082
NIR_spe,2,Sem_PCA,372,4,4,0.008291117279815746,0.018436148931906933,0.9732727337882775
NIR_spe,2,Com_PCA,54,2,2,0.9887122085566905,0.011212892782326185,7.489866098350884e-05
NIR_spe,2,Com_PCA,55,2,2,0.9999548969734898,9.232809250463293e-06,3.587021725999287e-05
NIR_spe,2,Com_PCA,56,2,2,0.9999670418296317,2.2474368530950608e-05,1.0483801837272433e-05
NIR_spe,2,Com_PCA,57,2,2,0.9999827746038846,8.185410486514626e-06,9.039985629025639e-06
NIR_spe,2,Com_PCA,58,2,2,0.9999338321121073,2.2851564647571394e-05,4.331632324521662e-05
NIR_spe,2,Com_PCA,59,2,2,0.9998825374778547,0.00010574117027539608,1.1721351869975604e-05
NIR_spe,2,Com_PCA,60,2,2,0.9926707601664377,0.0068491461533552395,0.00048009368020695544
NIR_spe,2,Com_PCA,61,2,2,0.9970214933670473,0.0020366235705450825,0.0009418830624076462
NIR_spe,2,Com_PCA,62,2,2,0.9973494368375847,0.0011413369533193848,0.0015092262090961456
NIR_spe,2,Com_PCA,63,2,2,0.9953211688569159,0.004115174774485954,0.0005636563685980332
NIR_spe,2,Com_PCA,64,2,2,0.9975792773471412,0.00010074308970169772,0.002319979563157088
NIR_spe,2,Com_PCA,65,2,2,0.9999325616088645,5.6326251826636e-05,1.1112139308924744e-05
NIR_spe,2,Com_PCA,66,2,2,0.9999962233510784,9.509124087137277e-07,2.8257365130896225e-06
NIR_spe,2,Com_PCA,67,2,2,0.9999575073559263,5.091757517958795e-06,3.740088655584144e-05
NIR_spe,2,Com_PCA,68,2,2,0.9999659648539971,2.439967601343637e-05,9.63546998941841e-06
NIR_spe,2,Com_PCA,69,2,2,0.9999979741649161,1.3700015423796475e-07,1.8888349297137385e-06
NIR_spe,2,Com_PCA,70,2,2,0.9986454817297226,0.0009950149712276795,0.00035950329904994524
NIR_spe,2,Com_PCA,71,2,2,0.9986780229203839,0.0009663913716093619,0.0003555857080068506
NIR_spe,2,Com_PCA,72,2,2,0.9989863929207807,0.0007859179444890891,0.00022768913473019366
NIR_spe,2,Com_PCA,73,2,2,0.9969241962132007,0.002076620088478846,0.0009991836983205622
NIR_spe,2,Com_PCA,74,2,2,0.9989527419923664,0.0007599490931293171,0.00028730891450416094
NIR_spe,2,Com_PCA,75,2,2,0.9990307017919303,0.0004254096085731509,0.000543888599496401
NIR_spe,2,Com_PCA,76,2,2,0.9961375431498836,0.0014083712668917976,0.0024540855832246417
NIR_spe,2,Com_PCA,77,2,2,0.9936084499064398,0.0008100538903480075,0.0055814962032120575
NIR_spe,2,Com_PCA,78,2,2,0.9958172760401149,0.0007592089912465363,0.0034235149686383864
NIR_spe,2,Com_PCA,79,2,2,0.9975450551711905,0.0016864651403296666,0.0007684796884796501
NIR_spe,2,Com_PCA,80,2,2,0.9663291020628683,0.0015691986714792023,0.03210169926565257
NIR_spe,2,Com_PCA,288,3,3,4.881862439822854e-06,0.9990208808033988,0.0009742373341612936
NIR_spe,2,Com_PCA,289,3,3,0.009905833145426375,0.9873253405341268,0.002768826320446671
NIR_spe,2,Com_PCA,290,3,3,2.8633319662667545e-11,0.999997259891007,2.740080359560806e-06
NIR_spe,2,Com_PCA,291,3,3,2.355948018591757e-12,0.9999992219776068,7.780200372030583e-07
NIR_spe,2,Com_PCA,292,3,3,3.163483219373316e-12,0.99999929052745,7.094693865190223e-07
NIR_spe,2,Com_PCA,293,3,3,1.0336469427720251e-11,0.9999984360194248,1.563970238697297e-06
NIR_spe,2,Com_PCA,294,3,3,1.464119139660581e-10,0.999997378261514,2.6215920738820895e-06
NIR_spe,2,Com_PCA,295,3,3,5.298546224066164e-05,0.9960003241158562,0.00394669042190326
NIR_spe,2,Com_PCA,296,3,3,0.019591316531151946,0.9736564413783689,0.006752242090479162
NIR_spe,2,Com_PCA,367,4,4,0.014709268444751605,0.01595509424582834,0.96933563730942
NIR_spe,2,Com_PCA,368,4,4,0.008276283284820439,0.008310283391072617,0.9834134333241069
NIR_spe,2,Com_PCA,369,4,4,0.03330870987786125,0.014293582910995783,0.952397707211143
NIR_spe,2,Com_PCA,370,4,4,0.019251158881920645,0.029170054033786218,0.951578787084293
NIR_spe,2,Com_PCA,371,4,4,0.024603161647432783,0.02961391443397226,0.945782923918595
NIR_spe,2,Com_PCA,372,4,4,0.005984619613717072,0.017295518272356373,0.9767198621139268
NIR_spe,2,Selecao_interna,54,2,2,0.9887122085566905,0.011212892782326185,7.489866098350884e-05
NIR_spe,2,Selecao_interna,55,2,2,0.9999548969734898,9.232809250463293e-06,3.587021725999287e-05
NIR_spe,2,Selecao_interna,56,2,2,0.9999670418296317,2.2474368530950608e-05,1.0483801837272433e-05
NIR_spe,2,Selecao_interna,57,2,2,0.9999827746038846,8.185410486514626e-06,9.039985629025639e-06
NIR_spe,2,Selecao_interna,58,2,2,0.9999338321121073,2.2851564647571394e-05,4.331632324521662e-05
NIR_spe,2,Selecao_interna,59,2,2,0.9998825374778547,0.00010574117027539608,1.1721351869975604e-05
NIR_spe,2,Selecao_interna,60,2,2,0.9926707601664377,0.0068491461533552395,0.00048009368020695544
NIR_spe,2,Selecao_interna,61,2,2,0.9970214933670473,0.0020366235705450825,0.0009418830624076462
NIR_spe,2,Selecao_interna,62,2,2,0.9973494368375847,0.0011413369533193848,0.0015092262090961456
NIR_spe,2,Selecao_interna,63,2,2,0.9953211688569159,0.004115174774485954,0.0005636563685980332
NIR_spe,2,Selecao_interna,64,2,2,0.9975792773471412,0.00010074308970169772,0.002319979563157088
NIR_spe,2,Selecao_interna,65,2,2,0.9999325616088645,5.6326251826636e-05,1.1112139308924744e-05
NIR_spe,2,Selecao_interna,66,2,2,0.9999962233510784,9.509124087137277e-07,2.8257365130896225e-06
NIR_spe,2,Selecao_interna,67,2,2,0.9999575073559263,5.091757517958795e-06,3.740088655584144e-05
NIR_spe,2,Selecao_interna,68,2,2,0.9999659648539971,2.439967601343637e-05,9.63546998941841e-06
NIR_spe,2,Selecao_interna,69,2,2,0.9999979741649161,1.3700015423796475e-07,1.8888349297137385e-06
NIR_spe,2,Selecao_interna,70,2,2,0.9986454817297226,0.0009950149712276795,0.00035950329904994524
NIR_spe,2,Selecao_interna,71,2,2,0.9986780229203839,0.0009663913716093619,0.0003555857080068506
NIR_spe,2,Selecao_interna,72,2,2,0.9989863929207807,0.0007859179444890891,0.00022768913473019366
NIR_spe,2,Selecao_interna,73,2,2,0.9969241962132007,0.002076620088478846,0.0009991836983205622
NIR_spe,2,Selecao_interna,74,2,2,0.9989527419923664,0.0007599490931293171,0.00028730891450416094
NIR_spe,2,Selecao_interna,75,2,2,0.9990307017919303,0.0004254096085731509,0.000543888599496401
NIR_spe,2,Selecao_interna,76,2,2,0.9961375431498836,0.0014083712668917976,0.0024540855832246417
NIR_spe,2,Selecao_interna,77,2,2,0.9936084499064398,0.0008100538903480075,0.0055814962032120575
NIR_spe,2,Selecao_interna,78,2,2,0.9958172760401149,0.0007592089912465363,0.0034235149686383864
NIR_spe,2,Selecao_interna,79,2,2,0.9975450551711905,0.0016864651403296666,0.0007684796884796501
NIR_spe,2,Selecao_interna,80,2,2,0.9663291020628683,0.0015691986714792023,0.03210169926565257
NIR_spe,2,Selecao_interna,288,3,3,4.881862439822854e-06,0.9990208808033988,0.0009742373341612936
NIR_spe,2,Selecao_interna,289,3,3,0.009905833145426375,0.9873253405341268,0.002768826320446671
NIR_spe,2,Selecao_interna,290,3,3,2.8633319662667545e-11,0.999997259891007,2.740080359560806e-06
NIR_spe,2,Selecao_interna,291,3,3,2.355948018591757e-12,0.9999992219776068,7.780200372030583e-07
NIR_spe,2,Selecao_interna,292,3,3,3.163483219373316e-12,0.99999929052745,7.094693865190223e-07
NIR_spe,2,Selecao_interna,293,3,3,1.0336469427720251e-11,0.9999984360194248,1.563970238697297e-06
NIR_spe,2,Selecao_interna,294,3,3,1.464119139660581e-10,0.999997378261514,2.6215920738820895e-06
NIR_spe,2,Selecao_interna,295,3,3,5.298546224066164e-05,0.9960003241158562,0.00394669042190326
NIR_spe,2,Selecao_interna,296,3,3,0.019591316531151946,0.9736564413783689,0.006752242090479162
NIR_spe,2,Selecao_interna,367,4,4,0.014709268444751605,0.01595509424582834,0.96933563730942
NIR_spe,2,Selecao_interna,368,4,4,0.008276283284820439,0.008310283391072617,0.9834134333241069
NIR_spe,2,Selecao_interna,369,4,4,0.03330870987786125,0.014293582910995783,0.952397707211143
NIR_spe,2,Selecao_interna,370,4,4,0.019251158881920645,0.029170054033786218,0.951578787084293
NIR_spe,2,Selecao_interna,371,4,4,0.024603161647432783,0.02961391443397226,0.945782923918595
NIR_spe,2,Selecao_interna,372,4,4,0.005984619613717072,0.017295518272356373,0.9767198621139268
NIR_spe,3,Sem_PCA,81,2,2,0.9664159277324482,0.001778174113193846,0.03180589815435787
NIR_spe,3,Sem_PCA,82,2,2,0.9410792168615114,0.006536773069899631,0.05238401006858903
NIR_spe,3,Sem_PCA,83,2,2,0.992386188038849,0.0020288536787718774,0.005584958282379054
NIR_spe,3,Sem_PCA,84,2,2,0.9892502080049473,0.003976059594561505,0.00677373240049116
NIR_spe,3,Sem_PCA,85,2,2,0.9919917441770372,0.0012522202045604103,0.006756035618402164
NIR_spe,3,Sem_PCA,86,2,2,0.9908981703448508,0.0014008871581890356,0.007700942496960018
NIR_spe,3,Sem_PCA,87,2,2,0.995549623739699,0.000992160797683574,0.0034582154626173482
NIR_spe,3,Sem_PCA,88,2,2,0.9959057473072255,0.0013294934701083782,0.0027647592226661614
NIR_spe,3,Sem_PCA,89,2,2,0.9961007987138158,0.0015035496249033325,0.0023956516612806556
NIR_spe,3,Sem_PCA,90,2,2,0.9970493783849005,0.0023815148718974145,0.0005691067432022665
NIR_spe,3,Sem_PCA,91,2,2,0.9964451047168568,0.0026499214829446157,0.0009049738001985969
NIR_spe,3,Sem_PCA,92,2,2,0.9971349916616976,0.002323671306346031,0.0005413370319564845
NIR_spe,3,Sem_PCA,93,2,2,0.9969839422794001,0.001927307893709197,0.0010887498268908223
NIR_spe,3,Sem_PCA,94,2,2,0.9981365018986135,0.0015675149266711785,0.00029598317471541964
NIR_spe,3,Sem_PCA,95,2,2,0.9967679969402882,0.002316638677747626,0.000915364381964211
NIR_spe,3,Sem_PCA,96,2,2,0.9921545360520041,0.006372236635382728,0.0014732273126132512
NIR_spe,3,Sem_PCA,97,2,2,0.9956265063421331,0.0036327314859692177,0.0007407621718975244
NIR_spe,3,Sem_PCA,98,2,2,0.9960970496153047,0.003150892365538865,0.0007520580191565602
NIR_spe,3,Sem_PCA,99,2,2,0.9932221585590574,0.0054289090554875755,0.001348932385455108
NIR_spe,3,Sem_PCA,100,2,2,0.9898018416332618,0.002846050104306518,0.007352108262431858
NIR_spe,3,Sem_PCA,101,2,2,0.9913558332172364,0.0014287779018112238,0.007215388880952333
NIR_spe,3,Sem_PCA,102,2,2,0.9036852324434718,0.002385750136033284,0.09392901742049511
NIR_spe,3,Sem_PCA,103,2,2,0.9714401681751859,0.003778714778458647,0.024781117046355494
NIR_spe,3,Sem_PCA,104,2,2,0.9912280328705724,0.0024886624401125514,0.006283304689315022
NIR_spe,3,Sem_PCA,105,2,2,0.9919370798596638,0.001918446486619044,0.00614447365371699
NIR_spe,3,Sem_PCA,106,2,2,0.9929843388279065,0.0024662210155377102,0.004549440156555662
NIR_spe,3,Sem_PCA,107,2,2,0.9943085565277066,0.003325703322453678,0.002365740149839492
NIR_spe,3,Sem_PCA,297,3,3,0.029130618548167717,0.9367990188365103,0.034070362615322085
NIR_spe,3,Sem_PCA,298,3,2,0.3404248059668838,0.2325182049174614,0.4270569891156548
NIR_spe,3,Sem_PCA,299,3,3,0.06871523008203334,0.9266870781201628,0.004597691797803934
NIR_spe,3,Sem_PCA,300,3,2,0.9923619029295189,0.004403973145093136,0.003234123925387834
NIR_spe,3,Sem_PCA,301,3,2,0.9946314068407358,0.0012826498847724683,0.004085943274491635
NIR_spe,3,Sem_PCA,302,3,2,0.9976742216641995,0.0007487612036041585,0.0015770171321962496
NIR_spe,3,Sem_PCA,303,3,2,0.9947548495805288,0.0022886513042388594,0.0029564991152324087
NIR_spe,3,Sem_PCA,304,3,2,0.9760339415301307,0.018806351509655917,0.005159706960213301
NIR_spe,3,Sem_PCA,305,3,3,0.26133233276897067,0.73473008764504,0.003937579585989433
NIR_spe,3,Sem_PCA,373,4,4,0.007345445785997426,0.006222113142662065,0.9864324410713404
NIR_spe,3,Sem_PCA,374,4,4,0.013437362329971041,0.010705420462184874,0.975857217207844
NIR_spe,3,Sem_PCA,375,4,4,0.014021685839260946,0.011652398286403095,0.974325915874336
NIR_spe,3,Sem_PCA,376,4,4,0.016715761390037682,0.009598623307179562,0.9736856153027827
NIR_spe,3,Sem_PCA,377,4,4,0.06109854808219272,0.028409449713567108,0.91049200220424
NIR_spe,3,Sem_PCA,378,4,4,0.008416779168202302,0.006493455760185211,0.9850897650716128
NIR_spe,3,Com_PCA,81,2,2,0.978854520260885,0.0009132630088555277,0.020232216730259555
NIR_spe,3,Com_PCA,82,2,2,0.9613984958924578,0.002490962298575276,0.03611054180896671
NIR_spe,3,Com_PCA,83,2,2,0.9956763498990095,0.0007796867560713231,0.003543963344919293
NIR_spe,3,Com_PCA,84,2,2,0.9973796610447164,0.0007366674145042411,0.0018836715407792941
NIR_spe,3,Com_PCA,85,2,2,0.9966024265241521,0.000694721087760053,0.002702852388088001
NIR_spe,3,Com_PCA,86,2,2,0.9965897231415158,0.0005377979976863733,0.002872478860797726
NIR_spe,3,Com_PCA,87,2,2,0.9981235489637674,0.0005343971419947131,0.0013420538942377491
NIR_spe,3,Com_PCA,88,2,2,0.9987658382138938,0.0005840703886229151,0.0006500913974833961
NIR_spe,3,Com_PCA,89,2,2,0.9988317617214776,0.0005627954311634521,0.0006054428473589778
NIR_spe,3,Com_PCA,90,2,2,0.9988095751579281,0.0010990536353802545,9.137120669168798e-05
NIR_spe,3,Com_PCA,91,2,2,0.9989979920461841,0.0007477678094119139,0.0002542401444040915
NIR_spe,3,Com_PCA,92,2,2,0.9988950939052614,0.0009947408160815765,0.00011016527865687051
NIR_spe,3,Com_PCA,93,2,2,0.9990307162926572,0.000686210509017566,0.00028307319832548955
NIR_spe,3,Com_PCA,94,2,2,0.9993240125302774,0.0006356078652696314,4.037960445303032e-05
NIR_spe,3,Com_PCA,95,2,2,0.9986469121604293,0.0011840492366841102,0.00016903860288657008
NIR_spe,3,Com_PCA,96,2,2,0.9978592128112515,0.0020377448493400663,0.00010304233940845313
NIR_spe,3,Com_PCA,97,2,2,0.9984017334324858,0.0015120040090738076,8.626255844053071e-05
NIR_spe,3,Com_PCA,98,2,2,0.9990318195523881,0.000899883512643159,6.829693496883158e-05
NIR_spe,3,Com_PCA,99,2,2,0.9979139113233602,0.0019856577238418125,0.00010043095279808845
NIR_spe,3,Com_PCA,100,2,2,0.9954405788489266,0.0010615497868236461,0.003497871364249671
NIR_spe,3,Com_PCA,101,2,2,0.9944210681356943,0.0007745120867926378,0.004804419777513002
NIR_spe,3,Com_PCA,102,2,2,0.9479648481500226,0.0007376489621786909,0.051297502887798455
NIR_spe,3,Com_PCA,103,2,2,0.9824223719261973,0.0014868261172980486,0.016090801956504586
NIR_spe,3,Com_PCA,104,2,2,0.9964116807010426,0.0008718302465878466,0.0027164890523694563
NIR_spe,3,Com_PCA,105,2,2,0.9968225132070693,0.0010147380364753295,0.002162748756455388
NIR_spe,3,Com_PCA,106,2,2,0.9969198105980874,0.001441114003551209,0.0016390753983612063
NIR_spe,3,Com_PCA,107,2,2,0.9985701327083877,0.0011240246155522916,0.000305842676060085
NIR_spe,3,Com_PCA,297,3,3,0.03983581668905567,0.8761382616131181,0.08402592169782609
NIR_spe,3,Com_PCA,298,3,4,0.13088724744317878,0.05070178061237889,0.8184109719444423
NIR_spe,3,Com_PCA,299,3,3,0.09980794135263789,0.8787820461182319,0.021410012529130246
NIR_spe,3,Com_PCA,300,3,2,0.9973044562481741,0.0012553148489759204,0.0014402289028499836
NIR_spe,3,Com_PCA,301,3,2,0.9977390734952647,0.0008277248373617967,0.0014332016673737037
NIR_spe,3,Com_PCA,302,3,2,0.9989362391479293,0.00044304070400273064,0.0006207201480679362
NIR_spe,3,Com_PCA,303,3,2,0.9972106707582965,0.0014871459939000864,0.0013021832478033741
NIR_spe,3,Com_PCA,304,3,2,0.9946354216027976,0.0033137365868236295,0.0020508418103790675
NIR_spe,3,Com_PCA,305,3,3,0.5938446725997034,0.4039780479131943,0.002177279487102369
NIR_spe,3,Com_PCA,373,4,4,0.013847608699926567,0.005201997121813209,0.9809503941782602
NIR_spe,3,Com_PCA,374,4,4,0.02753852746797099,0.01065608186372022,0.9618053906683087
NIR_spe,3,Com_PCA,375,4,4,0.025206201227824025,0.015410787900178602,0.9593830108719976
NIR_spe,3,Com_PCA,376,4,4,0.035750503416700725,0.012851135864610348,0.9513983607186889
NIR_spe,3,Com_PCA,377,4,4,0.12539411655470065,0.03323521241969733,0.8413706710256017
NIR_spe,3,Com_PCA,378,4,4,0.01770308473049629,0.006815020916504775,0.9754818943529989
NIR_spe,3,Selecao_interna,81,2,2,0.978854520260885,0.0009132630088555277,0.020232216730259555
NIR_spe,3,Selecao_interna,82,2,2,0.9613984958924578,0.002490962298575276,0.03611054180896671
NIR_spe,3,Selecao_interna,83,2,2,0.9956763498990095,0.0007796867560713231,0.003543963344919293
NIR_spe,3,Selecao_interna,84,2,2,0.9973796610447164,0.0007366674145042411,0.0018836715407792941
NIR_spe,3,Selecao_interna,85,2,2,0.9966024265241521,0.000694721087760053,0.002702852388088001
NIR_spe,3,Selecao_interna,86,2,2,0.9965897231415158,0.0005377979976863733,0.002872478860797726
NIR_spe,3,Selecao_interna,87,2,2,0.9981235489637674,0.0005343971419947131,0.0013420538942377491
NIR_spe,3,Selecao_interna,88,2,2,0.9987658382138938,0.0005840703886229151,0.0006500913974833961
NIR_spe,3,Selecao_interna,89,2,2,0.9988317617214776,0.0005627954311634521,0.0006054428473589778
NIR_spe,3,Selecao_interna,90,2,2,0.9988095751579281,0.0010990536353802545,9.137120669168798e-05
NIR_spe,3,Selecao_interna,91,2,2,0.9989979920461841,0.0007477678094119139,0.0002542401444040915
NIR_spe,3,Selecao_interna,92,2,2,0.9988950939052614,0.0009947408160815765,0.00011016527865687051
NIR_spe,3,Selecao_interna,93,2,2,0.9990307162926572,0.000686210509017566,0.00028307319832548955
NIR_spe,3,Selecao_interna,94,2,2,0.9993240125302774,0.0006356078652696314,4.037960445303032e-05
NIR_spe,3,Selecao_interna,95,2,2,0.9986469121604293,0.0011840492366841102,0.00016903860288657008
NIR_spe,3,Selecao_interna,96,2,2,0.9978592128112515,0.0020377448493400663,0.00010304233940845313
NIR_spe,3,Selecao_interna,97,2,2,0.9984017334324858,0.0015120040090738076,8.626255844053071e-05
NIR_spe,3,Selecao_interna,98,2,2,0.9990318195523881,0.000899883512643159,6.829693496883158e-05
NIR_spe,3,Selecao_interna,99,2,2,0.9979139113233602,0.0019856577238418125,0.00010043095279808845
NIR_spe,3,Selecao_interna,100,2,2,0.9954405788489266,0.0010615497868236461,0.003497871364249671
NIR_spe,3,Selecao_interna,101,2,2,0.9944210681356943,0.0007745120867926378,0.004804419777513002
NIR_spe,3,Selecao_interna,102,2,2,0.9479648481500226,0.0007376489621786909,0.051297502887798455
NIR_spe,3,Selecao_interna,103,2,2,0.9824223719261973,0.0014868261172980486,0.016090801956504586
NIR_spe,3,Selecao_interna,104,2,2,0.9964116807010426,0.0008718302465878466,0.0027164890523694563
NIR_spe,3,Selecao_interna,105,2,2,0.9968225132070693,0.0010147380364753295,0.002162748756455388
NIR_spe,3,Selecao_interna,106,2,2,0.9969198105980874,0.001441114003551209,0.0016390753983612063
NIR_spe,3,Selecao_interna,107,2,2,0.9985701327083877,0.0011240246155522916,0.000305842676060085
NIR_spe,3,Selecao_interna,297,3,3,0.03983581668905567,0.8761382616131181,0.08402592169782609
NIR_spe,3,Selecao_interna,298,3,4,0.13088724744317878,0.05070178061237889,0.8184109719444423
NIR_spe,3,Selecao_interna,299,3,3,0.09980794135263789,0.8787820461182319,0.021410012529130246
NIR_spe,3,Selecao_interna,300,3,2,0.9973044562481741,0.0012553148489759204,0.0014402289028499836
NIR_spe,3,Selecao_interna,301,3,2,0.9977390734952647,0.0008277248373617967,0.0014332016673737037
NIR_spe,3,Selecao_interna,302,3,2,0.9989362391479293,0.00044304070400273064,0.0006207201480679362
NIR_spe,3,Selecao_interna,303,3,2,0.9972106707582965,0.0014871459939000864,0.0013021832478033741
NIR_spe,3,Selecao_interna,304,3,2,0.9946354216027976,0.0033137365868236295,0.0020508418103790675
NIR_spe,3,Selecao_interna,305,3,3,0.5938446725997034,0.4039780479131943,0.002177279487102369
NIR_spe,3,Selecao_interna,373,4,4,0.013847608699926567,0.005201997121813209,0.9809503941782602
NIR_spe,3,Selecao_interna,374,4,4,0.02753852746797099,0.01065608186372022,0.9618053906683087
NIR_spe,3,Selecao_interna,375,4,4,0.025206201227824025,0.015410787900178602,0.9593830108719976
NIR_spe,3,Selecao_interna,376,4,4,0.035750503416700725,0.012851135864610348,0.9513983607186889
NIR_spe,3,Selecao_interna,377,4,4,0.12539411655470065,0.03323521241969733,0.8413706710256017
NIR_spe,3,Selecao_interna,378,4,4,0.01770308473049629,0.006815020916504775,0.9754818943529989
NIR_spe,4,Sem_PCA,108,2,2,0.993351826271431,3.190591318796487e-05,0.006616267815380807
NIR_spe,4,Sem_PCA,109,2,2,0.9766578839818634,1.361644231149317e-06,0.023340754373905516
NIR_spe,4,Sem_PCA,110,2,2,0.9482904437330683,0.048053662507948645,0.00365589375898318
NIR_spe,4,Sem_PCA,111,2,2,0.9096603145204238,0.0889920802730358,0.0013476052065403634
NIR_spe,4,Sem_PCA,112,2,2,0.9973405437603857,0.0021067089220479502,0.0005527473175661983
NIR_spe,4,Sem_PCA,113,2,2,0.9904142428883165,0.009000389177327539,0.0005853679343559216
NIR_spe,4,Sem_PCA,114,2,2,0.9488887032363175,0.05042530359080899,0.0006859931728735176
NIR_spe,4,Sem_PCA,115,2,2,0.9988763205745662,0.0008486479295038667,0.00027503149592996345
NIR_spe,4,Sem_PCA,116,2,2,0.999738515944909,0.00017205177697767905,8.943227811324463e-05
NIR_spe,4,Sem_PCA,117,2,2,0.9993133901810248,0.0005448307580233012,0.00014177906095194108
NIR_spe,4,Sem_PCA,118,2,2,0.9997012704211732,0.00023994472464525127,5.8784854181433306e-05
NIR_spe,4,Sem_PCA,119,2,2,0.9997316503711303,0.00023624496749980896,3.210466136978974e-05
NIR_spe,4,Sem_PCA,120,2,2,0.8768118558934078,0.12250450970090158,0.0006836344056906973
NIR_spe,4,Sem_PCA,121,2,2,0.9243038892876043,0.07565070497965169,4.540573274390853e-05
NIR_spe,4,Sem_PCA,122,2,2,0.8491784004208266,0.15066278417503262,0.0001588154041408191
NIR_spe,4,Sem_PCA,123,2,2,0.9990874844505496,0.0008874093133267877,2.5106236123602113e-05
NIR_spe,4,Sem_PCA,124,2,2,0.9975019656481946,0.002293842605783881,0.00020419174602151791
NIR_spe,4,Sem_PCA,125,2,3,2.8443272763204018e-08,0.9999999702067266,1.3500007744699471e-09
NIR_spe,4,Sem_PCA,126,2,3,1.716673259778747e-08,0.9999999817499857,1.0832815840215017e-09
NIR_spe,4,Sem_PCA,127,2,3,6.505404844788605e-09,0.9999999933437667,1.5082837869920847e-10
NIR_spe,4,Sem_PCA,128,2,3,9.747578535341077e-09,0.9999999899127178,3.397035495832258e-10
NIR_spe,4,Sem_PCA,129,2,3,9.159843840672559e-09,0.9999999904641802,3.7597583313158055e-10
NIR_spe,4,Sem_PCA,130,2,3,7.2741143115722174e-09,0.9704172676772898,0.02958272504859607
NIR_spe,4,Sem_PCA,131,2,3,2.4451239907878504e-09,0.9867334670209135,0.01326653053396254
NIR_spe,4,Sem_PCA,132,2,3,1.4083752734332639e-08,0.9841133208164585,0.015886665099788814
NIR_spe,4,Sem_PCA,133,2,3,4.219026780211679e-09,0.9777686472192263,0.02223134856174712
NIR_spe,4,Sem_PCA,134,2,3,4.307379790949827e-09,0.9931384485028618,0.006861547189758267
NIR_spe,4,Sem_PCA,306,3,3,0.00358724029633197,0.9963729275867663,3.983211690159393e-05
NIR_spe,4,Sem_PCA,307,3,2,0.7435210106899232,0.2564114014699473,6.758784012946653e-05
NIR_spe,4,Sem_PCA,308,3,2,0.8337368209548857,0.1662286848238471,3.449422126713648e-05
NIR_spe,4,Sem_PCA,309,3,2,0.8517975825620883,0.14806288986962296,0.00013952756828882149
NIR_spe,4,Sem_PCA,310,3,3,3.8996852365488774e-07,0.9999973206670548,2.2893644215172687e-06
NIR_spe,4,Sem_PCA,311,3,3,5.137679543965298e-06,0.999983169876542,1.1692443913870768e-05
NIR_spe,4,Sem_PCA,312,3,3,1.7188494133103974e-05,0.999973442645087,9.368860779766187e-06
NIR_spe,4,Sem_PCA,313,3,3,7.932577117484745e-06,0.9999783733138294,1.3694109053003127e-05
NIR_spe,4,Sem_PCA,314,3,3,9.578105020653946e-06,0.999983463236759,6.9586582201317115e-06
NIR_spe,4,Sem_PCA,379,4,4,0.00010085699758046355,1.6032157447744882e-07,0.9998989826808451
NIR_spe,4,Sem_PCA,380,4,3,0.020390865339923674,0.9795067782561022,0.00010235640397421631
NIR_spe,4,Sem_PCA,381,4,3,0.032920960505647974,0.9669763130475496,0.0001027264468023052
NIR_spe,4,Sem_PCA,382,4,3,0.008162517748344809,0.9917263645748059,0.00011111767684951857
NIR_spe,4,Sem_PCA,383,4,3,0.014786802394808214,0.9850109225909112,0.00020227501428052273
NIR_spe,4,Sem_PCA,384,4,2,0.8170581236548715,0.18122826706066394,0.0017136092844646576
NIR_spe,4,Com_PCA,108,2,2,0.9842005664802862,0.008106169418652017,0.007693264101061573
NIR_spe,4,Com_PCA,109,2,2,0.9833945097129073,0.00465883844698935,0.011946651840103281
NIR_spe,4,Com_PCA,110,2,2,0.9465375803253837,0.044744569248300316,0.00871785042631609
NIR_spe,4,Com_PCA,111,2,2,0.9431589742522304,0.047197293656748615,0.009643732091020542
NIR_spe,4,Com_PCA,112,2,2,0.9855768775676483,0.007795718172436693,0.006627404259914853
NIR_spe,4,Com_PCA,113,2,2,0.9573900627940353,0.0347389695500109,0.007870967655953916
NIR_spe,4,Com_PCA,114,2,2,0.949519685599392,0.04274279357708612,0.007737520823521915
NIR_spe,4,Com_PCA,115,2,2,0.9959980419985227,0.001556759614783214,0.0024451983866940925
NIR_spe,4,Com_PCA,116,2,2,0.9908928278736826,0.004105185416361534,0.005001986709955877
NIR_spe,4,Com_PCA,117,2,2,0.9970277765189909,0.001599348600544174,0.0013728748804650594
NIR_spe,4,Com_PCA,118,2,2,0.9902544614349841,0.006021587821006383,0.0037239507440095195
NIR_spe,4,Com_PCA,119,2,2,0.9890877501991903,0.007240976408622266,0.0036712733921875447
NIR_spe,4,Com_PCA,120,2,2,0.9519786155950366,0.04528135897251772,0.0027400254324458397
NIR_spe,4,Com_PCA,121,2,2,0.8523900035646688,0.1426375563448954,0.00497244009043561
NIR_spe,4,Com_PCA,122,2,2,0.7927984549139517,0.20346728838763067,0.0037342566984175252
NIR_spe,4,Com_PCA,123,2,2,0.9729554365295348,0.022761728139449044,0.004282835331016526
NIR_spe,4,Com_PCA,124,2,2,0.908826152966224,0.08587875706060795,0.005295089973168358
NIR_spe,4,Com_PCA,125,2,2,0.5795028773541768,0.26846207095693625,0.15203505168888662
NIR_spe,4,Com_PCA,126,2,2,0.5231265118443114,0.29353646686054985,0.18333702129513882
NIR_spe,4,Com_PCA,127,2,2,0.5748775100573761,0.27865864577210003,0.14646384417052408
NIR_spe,4,Com_PCA,128,2,2,0.5219557727037226,0.31298096695772537,0.16506326033855184
NIR_spe,4,Com_PCA,129,2,2,0.566132830512626,0.28270383850519365,0.1511633309821804
NIR_spe,4,Com_PCA,130,2,3,0.3341343198917949,0.5551572668092492,0.11070841329895577
NIR_spe,4,Com_PCA,131,2,3,0.3343424259931978,0.5557084959212939,0.10994907808550841
NIR_spe,4,Com_PCA,132,2,3,0.4747358219580799,0.4364637306257857,0.08880044741613446
NIR_spe,4,Com_PCA,133,2,3,0.3460909247297287,0.5429869138691875,0.11092216140108349
NIR_spe,4,Com_PCA,134,2,3,0.49225482988137353,0.4212383598952164,0.08650681022341006
NIR_spe,4,Com_PCA,306,3,3,0.4506819639883649,0.5450126123941663,0.004305423617468745
NIR_spe,4,Com_PCA,307,3,3,0.3386280717210755,0.6571584250147876,0.004213503264136508
NIR_spe,4,Com_PCA,308,3,3,0.14417810085381996,0.8529162389204925,0.002905660225687543
NIR_spe,4,Com_PCA,309,3,3,0.6077153765282378,0.389784140481113,0.0025004829906492437
NIR_spe,4,Com_PCA,310,3,3,0.10102268289985707,0.8665750965413962,0.032402220558746676
NIR_spe,4,Com_PCA,311,3,3,0.08611196802941173,0.8849217399489699,0.02896629202161848
NIR_spe,4,Com_PCA,312,3,3,0.1337551908873199,0.832857154300445,0.03338765481223517
NIR_spe,4,Com_PCA,313,3,3,0.09569800440546132,0.8758544806776724,0.028447514916866246
NIR_spe,4,Com_PCA,314,3,3,0.1331079308444168,0.8331721593673695,0.033719909788213646
NIR_spe,4,Com_PCA,379,4,4,0.01342771236143182,0.0066371444123578295,0.9799351432262102
NIR_spe,4,Com_PCA,380,4,3,0.35316193565440407,0.6423814317407882,0.004456632604807944
NIR_spe,4,Com_PCA,381,4,3,0.0577603508877719,0.9405785131886141,0.0016611359236140975
NIR_spe,4,Com_PCA,382,4,3,0.4132183045188164,0.5809849622772381,0.005796733203945142
NIR_spe,4,Com_PCA,383,4,3,0.14892791572565003,0.8468772046357964,0.004194879638553486
NIR_spe,4,Com_PCA,384,4,3,0.3952313774507076,0.5984238378680686,0.006344784681223629
NIR_spe,4,Selecao_interna,108,2,2,0.9842005664802862,0.008106169418652017,0.007693264101061573
NIR_spe,4,Selecao_interna,109,2,2,0.9833945097129073,0.00465883844698935,0.011946651840103281
NIR_spe,4,Selecao_interna,110,2,2,0.9465375803253837,0.044744569248300316,0.00871785042631609
NIR_spe,4,Selecao_interna,111,2,2,0.9431589742522304,0.047197293656748615,0.009643732091020542
NIR_spe,4,Selecao_interna,112,2,2,0.9855768775676483,0.007795718172436693,0.006627404259914853
NIR_spe,4,Selecao_interna,113,2,2,0.9573900627940353,0.0347389695500109,0.007870967655953916
NIR_spe,4,Selecao_interna,114,2,2,0.949519685599392,0.04274279357708612,0.007737520823521915
NIR_spe,4,Selecao_interna,115,2,2,0.9959980419985227,0.001556759614783214,0.0024451983866940925
NIR_spe,4,Selecao_interna,116,2,2,0.9908928278736826,0.004105185416361534,0.005001986709955877
NIR_spe,4,Selecao_interna,117,2,2,0.9970277765189909,0.001599348600544174,0.0013728748804650594
NIR_spe,4,Selecao_interna,118,2,2,0.9902544614349841,0.006021587821006383,0.0037239507440095195
NIR_spe,4,Selecao_interna,119,2,2,0.9890877501991903,0.007240976408622266,0.0036712733921875447
NIR_spe,4,Selecao_interna,120,2,2,0.9519786155950366,0.04528135897251772,0.0027400254324458397
NIR_spe,4,Selecao_interna,121,2,2,0.8523900035646688,0.1426375563448954,0.00497244009043561
NIR_spe,4,Selecao_interna,122,2,2,0.7927984549139517,0.20346728838763067,0.0037342566984175252
NIR_spe,4,Selecao_interna,123,2,2,0.9729554365295348,0.022761728139449044,0.004282835331016526
NIR_spe,4,Selecao_interna,124,2,2,0.908826152966224,0.08587875706060795,0.005295089973168358
NIR_spe,4,Selecao_interna,125,2,2,0.5795028773541768,0.26846207095693625,0.15203505168888662
NIR_spe,4,Selecao_interna,126,2,2,0.5231265118443114,0.29353646686054985,0.18333702129513882
NIR_spe,4,Selecao_interna,127,2,2,0.5748775100573761,0.27865864577210003,0.14646384417052408
NIR_spe,4,Selecao_interna,128,2,2,0.5219557727037226,0.31298096695772537,0.16506326033855184
NIR_spe,4,Selecao_interna,129,2,2,0.566132830512626,0.28270383850519365,0.1511633309821804
NIR_spe,4,Selecao_interna,130,2,3,0.3341343198917949,0.5551572668092492,0.11070841329895577
NIR_spe,4,Selecao_interna,131,2,3,0.3343424259931978,0.5557084959212939,0.10994907808550841
NIR_spe,4,Selecao_interna,132,2,3,0.4747358219580799,0.4364637306257857,0.08880044741613446
NIR_spe,4,Selecao_interna,133,2,3,0.3460909247297287,0.5429869138691875,0.11092216140108349
NIR_spe,4,Selecao_interna,134,2,3,0.49225482988137353,0.4212383598952164,0.08650681022341006
NIR_spe,4,Selecao_interna,306,3,3,0.4506819639883649,0.5450126123941663,0.004305423617468745
NIR_spe,4,Selecao_interna,307,3,3,0.3386280717210755,0.6571584250147876,0.004213503264136508
NIR_spe,4,Selecao_interna,308,3,3,0.14417810085381996,0.8529162389204925,0.002905660225687543
NIR_spe,4,Selecao_interna,309,3,3,0.6077153765282378,0.389784140481113,0.0025004829906492437
NIR_spe,4,Selecao_interna,310,3,3,0.10102268289985707,0.8665750965413962,0.032402220558746676
NIR_spe,4,Selecao_interna,311,3,3,0.08611196802941173,0.8849217399489699,0.02896629202161848
NIR_spe,4,Selecao_interna,312,3,3,0.1337551908873199,0.832857154300445,0.03338765481223517
NIR_spe,4,Selecao_interna,313,3,3,0.09569800440546132,0.8758544806776724,0.028447514916866246
NIR_spe,4,Selecao_interna,314,3,3,0.1331079308444168,0.8331721593673695,0.033719909788213646
NIR_spe,4,Selecao_interna,379,4,4,0.01342771236143182,0.0066371444123578295,0.9799351432262102
NIR_spe,4,Selecao_interna,380,4,3,0.35316193565440407,0.6423814317407882,0.004456632604807944
NIR_spe,4,Selecao_interna,381,4,3,0.0577603508877719,0.9405785131886141,0.0016611359236140975
NIR_spe,4,Selecao_interna,382,4,3,0.4132183045188164,0.5809849622772381,0.005796733203945142
NIR_spe,4,Selecao_interna,383,4,3,0.14892791572565003,0.8468772046357964,0.004194879638553486
NIR_spe,4,Selecao_interna,384,4,3,0.3952313774507076,0.5984238378680686,0.006344784681223629
NIR_spe,5,Sem_PCA,135,2,2,0.8723734964300988,0.025552254224322102,0.10207424934557928
NIR_spe,5,Sem_PCA,136,2,2,0.8728144351285567,0.028608105533951912,0.0985774593374911
NIR_spe,5,Sem_PCA,137,2,2,0.8598385054133838,0.028316168462112854,0.11184532612450324
NIR_spe,5,Sem_PCA,138,2,2,0.8554193596210746,0.03285638446143741,0.11172425591748802
NIR_spe,5,Sem_PCA,139,2,2,0.8715081715664663,0.02693675583209742,0.10155507260143634
NIR_spe,5,Sem_PCA,140,2,2,0.7547087787803569,0.09517955358050456,0.15011166763913852
NIR_spe,5,Sem_PCA,141,2,2,0.7570322067513374,0.08675907303556223,0.15620872021310023
NIR_spe,5,Sem_PCA,142,2,2,0.7430498706240085,0.088201052064711,0.16874907731128064
NIR_spe,5,Sem_PCA,143,2,2,0.7148312580666838,0.12294534798913456,0.1622233939441815
NIR_spe,5,Sem_PCA,144,2,2,0.7502615332293501,0.09479790349316972,0.15494056327747996
NIR_spe,5,Sem_PCA,145,2,2,0.8144686251957554,0.10803833281376289,0.07749304199048179
NIR_spe,5,Sem_PCA,146,2,2,0.825916066509313,0.09268433578325347,0.08139959770743324
NIR_spe,5,Sem_PCA,147,2,2,0.7588986318941621,0.1402596127808998,0.1008417553249381
NIR_spe,5,Sem_PCA,148,2,2,0.8169078756123741,0.09959210759658821,0.08350001679103765
NIR_spe,5,Sem_PCA,149,2,2,0.7875806317021373,0.1254448843717349,0.08697448392612762
NIR_spe,5,Sem_PCA,150,2,2,0.7157735392973826,0.21916959200340447,0.06505686869921293
NIR_spe,5,Sem_PCA,151,2,3,0.6962076136512775,0.23485953903576473,0.06893284731295773
NIR_spe,5,Sem_PCA,152,2,3,0.6742109586858361,0.24560308474053608,0.08018595657362779
NIR_spe,5,Sem_PCA,153,2,3,0.6741250702332863,0.24325628569237964,0.08261864407433425
NIR_spe,5,Sem_PCA,154,2,2,0.7113007359772767,0.210660007767179,0.07803925625554448
NIR_spe,5,Sem_PCA,155,2,2,0.8549144592656779,0.14272864479917607,0.0023568959351459163
NIR_spe,5,Sem_PCA,156,2,2,0.8849822860640061,0.11255073762209541,0.0024669763138986224
NIR_spe,5,Sem_PCA,157,2,2,0.9048443427038237,0.09282338284626143,0.0023322744499146594
NIR_spe,5,Sem_PCA,158,2,2,0.8468232967036816,0.14984890735647724,0.003327795939840926
NIR_spe,5,Sem_PCA,159,2,2,0.8707184174764139,0.12685451760689045,0.002427064916695671
NIR_spe,5,Sem_PCA,160,2,3,0.30747057436960334,0.6795775083441438,0.012951917286252657
NIR_spe,5,Sem_PCA,161,2,3,0.2544457153539092,0.7357250254158403,0.009829259230250851
NIR_spe,5,Sem_PCA,315,3,3,0.5684652863765783,0.3099410476119105,0.1215936660115114
NIR_spe,5,Sem_PCA,316,3,3,0.5759111840614477,0.3035139540172743,0.12057486192127814
NIR_spe,5,Sem_PCA,317,3,3,0.5911154190591124,0.2879130885427588,0.12097149239812867
NIR_spe,5,Sem_PCA,318,3,3,0.5906564289340425,0.29008520359585804,0.11925836747009932
NIR_spe,5,Sem_PCA,319,3,3,0.5901379264680097,0.28839256277098985,0.12146951076100035
NIR_spe,5,Sem_PCA,320,3,3,0.08712035558852813,0.8880330640011972,0.024846580410274696
NIR_spe,5,Sem_PCA,321,3,3,0.10280663895931287,0.8694401527909111,0.027753208249776003
NIR_spe,5,Sem_PCA,322,3,3,0.09222107081804713,0.8815705097056201,0.0262084194763326
NIR_spe,5,Sem_PCA,385,4,3,0.4913739340989617,0.3986715511363046,0.10995451476473392
NIR_spe,5,Sem_PCA,386,4,3,0.4537177264327964,0.4378353133622555,0.10844696020494832
NIR_spe,5,Sem_PCA,387,4,3,0.4856332778468059,0.4083569736996993,0.1060097484534948
NIR_spe,5,Sem_PCA,388,4,3,0.5085984929861149,0.3886086527023612,0.10279285431152399
NIR_spe,5,Sem_PCA,389,4,3,0.4699351009141585,0.4214111447495058,0.10865375433633558
NIR_spe,5,Sem_PCA,390,4,4,0.034194091628092095,0.01080875019936931,0.9549971581725385
NIR_spe,5,Com_PCA,135,2,2,0.8760120455413126,0.026883638344313447,0.09710431611437405
NIR_spe,5,Com_PCA,136,2,2,0.8876159452502212,0.02797573216430747,0.08440832258547125
NIR_spe,5,Com_PCA,137,2,2,0.8622065252317352,0.029219193371295832,0.10857428139696894
NIR_spe,5,Com_PCA,138,2,2,0.8700922898934131,0.030045537163566487,0.09986217294302022
NIR_spe,5,Com_PCA,139,2,2,0.8848424767773325,0.027154808082797095,0.0880027151398701
NIR_spe,5,Com_PCA,140,2,2,0.7594969869183814,0.09770109040944877,0.1428019226721698
NIR_spe,5,Com_PCA,141,2,2,0.7433233525830516,0.09013646584036765,0.16654018157658068
NIR_spe,5,Com_PCA,142,2,2,0.721522387870557,0.09360085385931263,0.18487675827013034
NIR_spe,5,Com_PCA,143,2,2,0.7403822468525101,0.13498212702092563,0.12463562612656427
NIR_spe,5,Com_PCA,144,2,2,0.7973577816146864,0.08842011280814277,0.11422210557717088
NIR_spe,5,Com_PCA,145,2,2,0.9449294657565359,0.03022607160035589,0.02484446264310802
NIR_spe,5,Com_PCA,146,2,2,0.9537287624582564,0.027246457681210954,0.019024779860532554
NIR_spe,5,Com_PCA,147,2,2,0.901888415210334,0.05636366797484119,0.04174791681482466
NIR_spe,5,Com_PCA,148,2,2,0.9632556661982195,0.022676148525661428,0.014068185276118927
NIR_spe,5,Com_PCA,149,2,2,0.9295227290971039,0.043594956865687214,0.026882314037208983
NIR_spe,5,Com_PCA,150,2,2,0.980094172879566,0.0083891683869083,0.011516658733525675
NIR_spe,5,Com_PCA,151,2,2,0.9785461951743505,0.007510703050848651,0.013943101774800945
NIR_spe,5,Com_PCA,152,2,2,0.9772257095547195,0.00706029177446192,0.015713998670818404
NIR_spe,5,Com_PCA,153,2,2,0.9594565421278708,0.01934451353233684,0.021198944339792334
NIR_spe,5,Com_PCA,154,2,2,0.9757317120287751,0.007497769666280584,0.01677051830494436
NIR_spe,5,Com_PCA,155,2,2,0.9798097084630252,0.019997269145446393,0.00019302239152841396
NIR_spe,5,Com_PCA,156,2,2,0.9707184488532657,0.02897916035125259,0.0003023907954817268
NIR_spe,5,Com_PCA,157,2,2,0.9790992031795296,0.02068095089121349,0.00021984592925706798
NIR_spe,5,Com_PCA,158,2,2,0.9654708436723248,0.0340774420253516,0.0004517143023235633
NIR_spe,5,Com_PCA,159,2,2,0.9626253179721267,0.03705707483430208,0.00031760719357125464
NIR_spe,5,Com_PCA,160,2,2,0.859234685218617,0.13856962480888907,0.0021956899724941215
NIR_spe,5,Com_PCA,161,2,2,0.6891809780867876,0.30735175383299973,0.003467268080212611
NIR_spe,5,Com_PCA,315,3,3,0.27380604882224546,0.6293350814881237,0.09685886968963085
NIR_spe,5,Com_PCA,316,3,3,0.2907854334876491,0.6108290953222489,0.09838547119010169
NIR_spe,5,Com_PCA,317,3,3,0.29980704303401046,0.5992124396391761,0.10098051732681343
NIR_spe,5,Com_PCA,318,3,3,0.3159728355270636,0.5863789319361974,0.09764823253673915
NIR_spe,5,Com_PCA,319,3,3,0.31871839559765547,0.5805695671554674,0.10071203724687701
NIR_spe,5,Com_PCA,320,3,3,0.035847938551987875,0.9352838949621661,0.028868166485845816
NIR_spe,5,Com_PCA,321,3,3,0.04401808287362013,0.9220194949359863,0.03396242219039345
NIR_spe,5,Com_PCA,322,3,3,0.040447375286056644,0.9277838333163908,0.03176879139755267
NIR_spe,5,Com_PCA,385,4,3,0.23720996141608106,0.7123699528509488,0.05042008573297014
NIR_spe,5,Com_PCA,386,4,3,0.18762816437095547,0.7621437130387352,0.05022812259030937
NIR_spe,5,Com_PCA,387,4,3,0.2362648439829036,0.7130207253154117,0.05071443070168466
NIR_spe,5,Com_PCA,388,4,3,0.2742569354380884,0.6712263371047973,0.05451672745711433
NIR_spe,5,Com_PCA,389,4,3,0.2049219888567329,0.7431160427802107,0.051961968363056464
NIR_spe,5,Com_PCA,390,4,4,0.01003192001299932,0.013628807483103678,0.9763392725038968
NIR_spe,5,Selecao_interna,135,2,2,0.8760120455413126,0.026883638344313447,0.09710431611437405
NIR_spe,5,Selecao_interna,136,2,2,0.8876159452502212,0.02797573216430747,0.08440832258547125
NIR_spe,5,Selecao_interna,137,2,2,0.8622065252317352,0.029219193371295832,0.10857428139696894
NIR_spe,5,Selecao_interna,138,2,2,0.8700922898934131,0.030045537163566487,0.09986217294302022
NIR_spe,5,Selecao_interna,139,2,2,0.8848424767773325,0.027154808082797095,0.0880027151398701
NIR_spe,5,Selecao_interna,140,2,2,0.7594969869183814,0.09770109040944877,0.1428019226721698
NIR_spe,5,Selecao_interna,141,2,2,0.7433233525830516,0.09013646584036765,0.16654018157658068
NIR_spe,5,Selecao_interna,142,2,2,0.721522387870557,0.09360085385931263,0.18487675827013034
NIR_spe,5,Selecao_interna,143,2,2,0.7403822468525101,0.13498212702092563,0.12463562612656427
NIR_spe,5,Selecao_interna,144,2,2,0.7973577816146864,0.08842011280814277,0.11422210557717088
NIR_spe,5,Selecao_interna,145,2,2,0.9449294657565359,0.03022607160035589,0.02484446264310802
NIR_spe,5,Selecao_interna,146,2,2,0.9537287624582564,0.027246457681210954,0.019024779860532554
NIR_spe,5,Selecao_interna,147,2,2,0.901888415210334,0.05636366797484119,0.04174791681482466
NIR_spe,5,Selecao_interna,148,2,2,0.9632556661982195,0.022676148525661428,0.014068185276118927
NIR_spe,5,Selecao_interna,149,2,2,0.9295227290971039,0.043594956865687214,0.026882314037208983
NIR_spe,5,Selecao_interna,150,2,2,0.980094172879566,0.0083891683869083,0.011516658733525675
NIR_spe,5,Selecao_interna,151,2,2,0.9785461951743505,0.007510703050848651,0.013943101774800945
NIR_spe,5,Selecao_interna,152,2,2,0.9772257095547195,0.00706029177446192,0.015713998670818404
NIR_spe,5,Selecao_interna,153,2,2,0.9594565421278708,0.01934451353233684,0.021198944339792334
NIR_spe,5,Selecao_interna,154,2,2,0.9757317120287751,0.007497769666280584,0.01677051830494436
NIR_spe,5,Selecao_interna,155,2,2,0.9798097084630252,0.019997269145446393,0.00019302239152841396
NIR_spe,5,Selecao_interna,156,2,2,0.9707184488532657,0.02897916035125259,0.0003023907954817268
NIR_spe,5,Selecao_interna,157,2,2,0.9790992031795296,0.02068095089121349,0.00021984592925706798
NIR_spe,5,Selecao_interna,158,2,2,0.9654708436723248,0.0340774420253516,0.0004517143023235633
NIR_spe,5,Selecao_interna,159,2,2,0.9626253179721267,0.03705707483430208,0.00031760719357125464
NIR_spe,5,Selecao_interna,160,2,2,0.859234685218617,0.13856962480888907,0.0021956899724941215
NIR_spe,5,Selecao_interna,161,2,2,0.6891809780867876,0.30735175383299973,0.003467268080212611
NIR_spe,5,Selecao_interna,315,3,3,0.27380604882224546,0.6293350814881237,0.09685886968963085
NIR_spe,5,Selecao_interna,316,3,3,0.2907854334876491,0.6108290953222489,0.09838547119010169
NIR_spe,5,Selecao_interna,317,3,3,0.29980704303401046,0.5992124396391761,0.10098051732681343
NIR_spe,5,Selecao_interna,318,3,3,0.3159728355270636,0.5863789319361974,0.09764823253673915
NIR_spe,5,Selecao_interna,319,3,3,0.31871839559765547,0.5805695671554674,0.10071203724687701
NIR_spe,5,Selecao_interna,320,3,3,0.035847938551987875,0.9352838949621661,0.028868166485845816
NIR_spe,5,Selecao_interna,321,3,3,0.04401808287362013,0.9220194949359863,0.03396242219039345
NIR_spe,5,Selecao_interna,322,3,3,0.040447375286056644,0.9277838333163908,0.03176879139755267
NIR_spe,5,Selecao_interna,385,4,3,0.23720996141608106,0.7123699528509488,0.05042008573297014
NIR_spe,5,Selecao_interna,386,4,3,0.18762816437095547,0.7621437130387352,0.05022812259030937
NIR_spe,5,Selecao_interna,387,4,3,0.2362648439829036,0.7130207253154117,0.05071443070168466
NIR_spe,5,Selecao_interna,388,4,3,0.2742569354380884,0.6712263371047973,0.05451672745711433
NIR_spe,5,Selecao_interna,389,4,3,0.2049219888567329,0.7431160427802107,0.051961968363056464
NIR_spe,5,Selecao_interna,390,4,4,0.01003192001299932,0.013628807483103678,0.9763392725038968
NIR_spe,6,Sem_PCA,162,2,2,0.8892948506550379,0.10877620096330427,0.0019289483816577568
NIR_spe,6,Sem_PCA,163,2,2,0.9800618898978,0.019080822320195524,0.0008572877820044761
NIR_spe,6,Sem_PCA,164,2,2,0.9713003314924114,0.027742911529765074,0.0009567569778234146
NIR_spe,6,Sem_PCA,165,2,2,0.7157342395072652,0.0020794003458087895,0.28218636014692605
NIR_spe,6,Sem_PCA,166,2,2,0.9713868362740528,0.0010166940733470997,0.027596469652600087
NIR_spe,6,Sem_PCA,167,2,2,0.960015563384351,0.0031653533667103926,0.036819083248939
NIR_spe,6,Sem_PCA,168,2,2,0.7628670635409875,0.0018149162046312874,0.23531802025438098
NIR_spe,6,Sem_PCA,169,2,2,0.9609177802280656,0.0019553330372192004,0.03712688673471514
NIR_spe,6,Sem_PCA,170,2,2,0.9996326440752141,0.00016927786075462324,0.000198078064031321
NIR_spe,6,Sem_PCA,171,2,2,0.999727967376963,0.0001618177671025589,0.00011021485593450196
NIR_spe,6,Sem_PCA,172,2,2,0.9997947146955846,0.00010058677775343594,0.00010469852666191394
NIR_spe,6,Sem_PCA,173,2,2,0.9997973163047148,0.0001615865606926092,4.109713459267832e-05
NIR_spe,6,Sem_PCA,174,2,2,0.9998841165187229,0.00010873844848914346,7.145032787777505e-06
NIR_spe,6,Sem_PCA,175,2,3,0.06912737991623864,0.9206680668240241,0.010204553259737195
NIR_spe,6,Sem_PCA,176,2,3,0.0418974067052465,0.9471596559335757,0.010942937361177817
NIR_spe,6,Sem_PCA,177,2,3,0.1492415469234541,0.8478483031415611,0.002910149934984639
NIR_spe,6,Sem_PCA,178,2,3,0.054089335570453714,0.9414135569235257,0.0044971075060204965
NIR_spe,6,Sem_PCA,179,2,3,0.16856521814361405,0.8272490852802351,0.004185696576151053
NIR_spe,6,Sem_PCA,180,2,2,0.9706658134283352,0.029222804252276437,0.00011138231938818769
NIR_spe,6,Sem_PCA,181,2,2,0.9858733687280331,0.013797088579346035,0.000329542692620961
NIR_spe,6,Sem_PCA,182,2,2,0.9521973411613149,0.047678298757402905,0.00012436008128211047
NIR_spe,6,Sem_PCA,183,2,2,0.980100845369104,0.01973885722036635,0.00016029741052960898
NIR_spe,6,Sem_PCA,184,2,2,0.9945435163175211,0.005217682717772502,0.00023880096470645342
NIR_spe,6,Sem_PCA,185,2,3,0.4461717138382391,0.5421991720836613,0.011629114078099854
NIR_spe,6,Sem_PCA,186,2,2,0.7053789788814392,0.28633840974717917,0.00828261137138154
NIR_spe,6,Sem_PCA,187,2,3,0.3983061388377514,0.5913464921926392,0.010347368969609114
NIR_spe,6,Sem_PCA,188,2,3,0.5103881390075217,0.474457569276241,0.015154291716237278
NIR_spe,6,Sem_PCA,323,3,3,0.043288762372339314,0.9434392961646751,0.013271941462985442
NIR_spe,6,Sem_PCA,324,3,3,0.03439035436216089,0.9517834927673706,0.013826152870468258
NIR_spe,6,Sem_PCA,325,3,3,0.07128546110613278,0.915948996312554,0.012765542581313275
NIR_spe,6,Sem_PCA,326,3,3,0.15549835897959166,0.8225950649343549,0.021906576086053387
NIR_spe,6,Sem_PCA,327,3,3,0.5715172707627095,0.35140419972832404,0.07707852950896653
NIR_spe,6,Sem_PCA,328,3,3,0.010617480531484947,0.9845049211698812,0.004877598298633971
NIR_spe,6,Sem_PCA,329,3,3,0.4244405271747579,0.5220795348984285,0.05347993792681369
NIR_spe,6,Sem_PCA,330,3,3,0.021726224354356057,0.9698491230135954,0.008424652632048646
NIR_spe,6,Sem_PCA,391,4,4,0.010789879992310758,0.08249070393213082,0.9067194160755584
NIR_spe,6,Sem_PCA,392,4,4,0.011318116118561993,0.03179888558962314,0.956882998291815
NIR_spe,6,Sem_PCA,393,4,4,0.00802231578985161,0.0353011706600498,0.9566765135500985
NIR_spe,6,Sem_PCA,394,4,4,0.017379650356072113,0.05133995213239787,0.9312803975115297
NIR_spe,6,Sem_PCA,395,4,4,0.005549156995453803,0.004319865640784293,0.9901309773637618
NIR_spe,6,Sem_PCA,396,4,4,0.005082362037968826,0.004269723325531291,0.9906479146364998
NIR_spe,6,Com_PCA,162,2,3,0.3796163368218177,0.6134541517464602,0.006929511431722072
NIR_spe,6,Com_PCA,163,2,3,0.6095423144165283,0.38205486738563715,0.008402818197834287
NIR_spe,6,Com_PCA,164,2,3,0.5411082771671709,0.4545249211889992,0.0043668016438299356
NIR_spe,6,Com_PCA,165,2,2,0.7068218783251679,0.002219165895979528,0.2909589557788527
NIR_spe,6,Com_PCA,166,2,2,0.9773175551931175,0.0011583014796871073,0.021524143327195513
NIR_spe,6,Com_PCA,167,2,2,0.9606182986257326,0.0019118658827516994,0.03746983549151575
NIR_spe,6,Com_PCA,168,2,4,0.6577863641110814,0.0014236481164266789,0.34078998777249164
NIR_spe,6,Com_PCA,169,2,2,0.9733601435338499,0.0012059237426099642,0.025433932723540113
NIR_spe,6,Com_PCA,170,2,2,0.9992487702874021,0.0005723689306820755,0.00017886078191567078
NIR_spe,6,Com_PCA,171,2,2,0.9993401230528367,0.0005841844730238951,7.569247413962857e-05
NIR_spe,6,Com_PCA,172,2,2,0.9996309494856087,0.00032572016167218117,4.333035271909049e-05
NIR_spe,6,Com_PCA,173,2,2,0.999560408758356,0.0004093480966587108,3.0243144985475226e-05
NIR_spe,6,Com_PCA,174,2,2,0.9998001216804944,0.0001974540034016325,2.424316104262353e-06
NIR_spe,6,Com_PCA,175,2,3,0.12800711302147136,0.8611627649161178,0.01083012206241089
NIR_spe,6,Com_PCA,176,2,3,0.0878026805869576,0.9001743864295421,0.012022932983500514
NIR_spe,6,Com_PCA,177,2,3,0.26501965926777266,0.732361828287307,0.0026185124449204693
NIR_spe,6,Com_PCA,178,2,3,0.13669886428640318,0.8589322645735358,0.004368871140061161
NIR_spe,6,Com_PCA,179,2,3,0.30489384590442475,0.6916796336548527,0.0034265204407224687
NIR_spe,6,Com_PCA,180,2,2,0.9557980098912165,0.044165498419642624,3.6491689141056036e-05
NIR_spe,6,Com_PCA,181,2,2,0.9766097963154625,0.023296294194174953,9.390949036252454e-05
NIR_spe,6,Com_PCA,182,2,2,0.9441632209709576,0.05579106619033897,4.571283870352776e-05
NIR_spe,6,Com_PCA,183,2,2,0.9633341413319831,0.03661014169559158,5.571697242511013e-05
NIR_spe,6,Com_PCA,184,2,2,0.9923776064968935,0.007568474566226844,5.391893687942233e-05
NIR_spe,6,Com_PCA,185,2,3,0.5578396299578003,0.4311500536517229,0.011010316390476789
NIR_spe,6,Com_PCA,186,2,2,0.6710558127019464,0.32017142123598713,0.008772766062066466
NIR_spe,6,Com_PCA,187,2,3,0.5210595751645694,0.46823966487096885,0.01070075996446164
NIR_spe,6,Com_PCA,188,2,3,0.5813653818941654,0.40536370440268216,0.013270913703152509
NIR_spe,6,Com_PCA,323,3,3,0.05588126188538028,0.9260017418873729,0.018116996227246693
NIR_spe,6,Com_PCA,324,3,3,0.039434813372357026,0.9422003324922544,0.018364854135388447
NIR_spe,6,Com_PCA,325,3,3,0.046598930114146994,0.9438138322368367,0.009587237649016318
NIR_spe,6,Com_PCA,326,3,3,0.10705136755763814,0.8633918552475032,0.029556777194858677
NIR_spe,6,Com_PCA,327,3,3,0.3679307566612004,0.4478710386948245,0.18419820464397532
NIR_spe,6,Com_PCA,328,3,3,0.014174278216657028,0.980553233975107,0.005272487808235892
NIR_spe,6,Com_PCA,329,3,3,0.32165531483194343,0.5652185886783978,0.11312609648965864
NIR_spe,6,Com_PCA,330,3,3,0.032123088777380175,0.9580664410178175,0.009810470204802557
NIR_spe,6,Com_PCA,391,4,4,0.01304251325300487,0.13181445126413588,0.8551430354828593
NIR_spe,6,Com_PCA,392,4,4,0.012555147256376723,0.03825428017340875,0.9491905725702142
NIR_spe,6,Com_PCA,393,4,4,0.008781324090849512,0.04879578452424414,0.9424228913849062
NIR_spe,6,Com_PCA,394,4,4,0.01720250805832815,0.06692856360339319,0.9158689283382784
NIR_spe,6,Com_PCA,395,4,4,0.0063664960659891605,0.0039031651811632802,0.9897303387528474
NIR_spe,6,Com_PCA,396,4,4,0.006101234313317618,0.004009493543582271,0.9898892721431
NIR_spe,6,Selecao_interna,162,2,3,0.3796163368218177,0.6134541517464602,0.006929511431722072
NIR_spe,6,Selecao_interna,163,2,3,0.6095423144165283,0.38205486738563715,0.008402818197834287
NIR_spe,6,Selecao_interna,164,2,3,0.5411082771671709,0.4545249211889992,0.0043668016438299356
NIR_spe,6,Selecao_interna,165,2,2,0.7068218783251679,0.002219165895979528,0.2909589557788527
NIR_spe,6,Selecao_interna,166,2,2,0.9773175551931175,0.0011583014796871073,0.021524143327195513
NIR_spe,6,Selecao_interna,167,2,2,0.9606182986257326,0.0019118658827516994,0.03746983549151575
NIR_spe,6,Selecao_interna,168,2,4,0.6577863641110814,0.0014236481164266789,0.34078998777249164
NIR_spe,6,Selecao_interna,169,2,2,0.9733601435338499,0.0012059237426099642,0.025433932723540113
NIR_spe,6,Selecao_interna,170,2,2,0.9992487702874021,0.0005723689306820755,0.00017886078191567078
NIR_spe,6,Selecao_interna,171,2,2,0.9993401230528367,0.0005841844730238951,7.569247413962857e-05
NIR_spe,6,Selecao_interna,172,2,2,0.9996309494856087,0.00032572016167218117,4.333035271909049e-05
NIR_spe,6,Selecao_interna,173,2,2,0.999560408758356,0.0004093480966587108,3.0243144985475226e-05
NIR_spe,6,Selecao_interna,174,2,2,0.9998001216804944,0.0001974540034016325,2.424316104262353e-06
NIR_spe,6,Selecao_interna,175,2,3,0.12800711302147136,0.8611627649161178,0.01083012206241089
NIR_spe,6,Selecao_interna,176,2,3,0.0878026805869576,0.9001743864295421,0.012022932983500514
NIR_spe,6,Selecao_interna,177,2,3,0.26501965926777266,0.732361828287307,0.0026185124449204693
NIR_spe,6,Selecao_interna,178,2,3,0.13669886428640318,0.8589322645735358,0.004368871140061161
NIR_spe,6,Selecao_interna,179,2,3,0.30489384590442475,0.6916796336548527,0.0034265204407224687
NIR_spe,6,Selecao_interna,180,2,2,0.9557980098912165,0.044165498419642624,3.6491689141056036e-05
NIR_spe,6,Selecao_interna,181,2,2,0.9766097963154625,0.023296294194174953,9.390949036252454e-05
NIR_spe,6,Selecao_interna,182,2,2,0.9441632209709576,0.05579106619033897,4.571283870352776e-05
NIR_spe,6,Selecao_interna,183,2,2,0.9633341413319831,0.03661014169559158,5.571697242511013e-05
NIR_spe,6,Selecao_interna,184,2,2,0.9923776064968935,0.007568474566226844,5.391893687942233e-05
NIR_spe,6,Selecao_interna,185,2,3,0.5578396299578003,0.4311500536517229,0.011010316390476789
NIR_spe,6,Selecao_interna,186,2,2,0.6710558127019464,0.32017142123598713,0.008772766062066466
NIR_spe,6,Selecao_interna,187,2,3,0.5210595751645694,0.46823966487096885,0.01070075996446164
NIR_spe,6,Selecao_interna,188,2,3,0.5813653818941654,0.40536370440268216,0.013270913703152509
NIR_spe,6,Selecao_interna,323,3,3,0.05588126188538028,0.9260017418873729,0.018116996227246693
NIR_spe,6,Selecao_interna,324,3,3,0.039434813372357026,0.9422003324922544,0.018364854135388447
NIR_spe,6,Selecao_interna,325,3,3,0.046598930114146994,0.9438138322368367,0.009587237649016318
NIR_spe,6,Selecao_interna,326,3,3,0.10705136755763814,0.8633918552475032,0.029556777194858677
NIR_spe,6,Selecao_interna,327,3,3,0.3679307566612004,0.4478710386948245,0.18419820464397532
NIR_spe,6,Selecao_interna,328,3,3,0.014174278216657028,0.980553233975107,0.005272487808235892
NIR_spe,6,Selecao_interna,329,3,3,0.32165531483194343,0.5652185886783978,0.11312609648965864
NIR_spe,6,Selecao_interna,330,3,3,0.032123088777380175,0.9580664410178175,0.009810470204802557
NIR_spe,6,Selecao_interna,391,4,4,0.01304251325300487,0.13181445126413588,0.8551430354828593
NIR_spe,6,Selecao_interna,392,4,4,0.012555147256376723,0.03825428017340875,0.9491905725702142
NIR_spe,6,Selecao_interna,393,4,4,0.008781324090849512,0.04879578452424414,0.9424228913849062
NIR_spe,6,Selecao_interna,394,4,4,0.01720250805832815,0.06692856360339319,0.9158689283382784
NIR_spe,6,Selecao_interna,395,4,4,0.0063664960659891605,0.0039031651811632802,0.9897303387528474
NIR_spe,6,Selecao_interna,396,4,4,0.006101234313317618,0.004009493543582271,0.9898892721431
NIR_spe,7,Sem_PCA,189,2,2,0.9197269963061625,0.06099602244891796,0.019276981244919496
NIR_spe,7,Sem_PCA,190,2,2,0.9276381052502474,0.06964587519630377,0.0027160195534486945
NIR_spe,7,Sem_PCA,191,2,2,0.9454867277499615,0.0516282285527478,0.002885043697290787
NIR_spe,7,Sem_PCA,192,2,2,0.9262102915518285,0.07134872179834645,0.00244098664982506
NIR_spe,7,Sem_PCA,193,2,2,0.9450787987262119,0.05170272925164801,0.003218472022140104
NIR_spe,7,Sem_PCA,194,2,2,0.9272901102717348,0.0692712352306077,0.0034386544976579424
NIR_spe,7,Sem_PCA,195,2,2,0.8276928652660862,0.16603928038645266,0.006267854347461278
NIR_spe,7,Sem_PCA,196,2,2,0.7980180175773343,0.1970239209760261,0.004958061446639785
NIR_spe,7,Sem_PCA,197,2,2,0.7256918032560589,0.2647398772851425,0.009568319458798418
NIR_spe,7,Sem_PCA,198,2,2,0.885093374122466,0.10945412496137095,0.005452500916162932
NIR_spe,7,Sem_PCA,199,2,2,0.8526969396334343,0.14103808209424498,0.006264978272320689
NIR_spe,7,Sem_PCA,200,2,2,0.9697811386203787,0.02773261844480354,0.0024862429348177675
NIR_spe,7,Sem_PCA,201,2,2,0.9608611120953021,0.035176759965265106,0.003962127939432731
NIR_spe,7,Sem_PCA,202,2,2,0.9591411892724109,0.03740434847178066,0.00345446225580851
NIR_spe,7,Sem_PCA,203,2,2,0.9515328647944917,0.043520079737060846,0.004947055468447486
NIR_spe,7,Sem_PCA,204,2,2,0.9599236220148065,0.036687475734201,0.003388902250992435
NIR_spe,7,Sem_PCA,205,2,2,0.9413376319732466,0.047203271749101286,0.011459096277651848
NIR_spe,7,Sem_PCA,206,2,2,0.9524256939067688,0.04240000219681147,0.005174303896419933
NIR_spe,7,Sem_PCA,207,2,2,0.9508030298711695,0.045764654569719294,0.0034323155591112512
NIR_spe,7,Sem_PCA,208,2,2,0.9403598712932177,0.05229986724310306,0.007340261463679277
NIR_spe,7,Sem_PCA,209,2,2,0.845664196347294,0.1466646659971324,0.007671137655573705
NIR_spe,7,Sem_PCA,210,2,2,0.843819513317825,0.15000356011610316,0.0061769265660716775
NIR_spe,7,Sem_PCA,211,2,2,0.9346724327921776,0.061549223996527756,0.0037783432112944567
NIR_spe,7,Sem_PCA,212,2,2,0.9409772738762301,0.05629481622668593,0.0027279098970838483
NIR_spe,7,Sem_PCA,213,2,2,0.9165677754550471,0.07965803445266754,0.00377419009228517
NIR_spe,7,Sem_PCA,214,2,2,0.9101906358509276,0.08366588799358658,0.006143476155485811
NIR_spe,7,Sem_PCA,215,2,2,0.8296601071541491,0.16411154252634244,0.006228350319508541
NIR_spe,7,Sem_PCA,331,3,2,0.922648201794137,0.05461582508382893,0.022735973122033806
NIR_spe,7,Sem_PCA,332,3,2,0.8275487718236453,0.13745646787315802,0.03499476030319687
NIR_spe,7,Sem_PCA,333,3,2,0.9142499398526892,0.05680212577639285,0.028947934370918135
NIR_spe,7,Sem_PCA,334,3,2,0.9181581899963428,0.05817187065356878,0.023669939350088313
NIR_spe,7,Sem_PCA,335,3,2,0.9337783038672479,0.05828672872810487,0.007934967404647013
NIR_spe,7,Sem_PCA,336,3,2,0.9387232033746383,0.052062271288196085,0.009214525337165578
NIR_spe,7,Sem_PCA,337,3,2,0.9224836688301378,0.07118885860891998,0.006327472560942095
NIR_spe,7,Sem_PCA,338,3,2,0.9275796811088163,0.06601169482657487,0.006408624064608649
NIR_spe,7,Sem_PCA,397,4,4,0.011285569366280604,0.006554759260560738,0.9821596713731586
NIR_spe,7,Sem_PCA,398,4,4,0.01150465933365637,0.0058987247272248,0.982596615939119
NIR_spe,7,Sem_PCA,399,4,4,0.012836543917166718,0.006278494915426414,0.9808849611674068
NIR_spe,7,Sem_PCA,400,4,4,0.030685826636617133,0.011507057125873583,0.9578071162375092
NIR_spe,7,Sem_PCA,401,4,4,0.019852777684773396,0.018133079016155334,0.9620141432990714
NIR_spe,7,Sem_PCA,402,4,4,0.02885033884294846,0.008564526189024094,0.9625851349680274
NIR_spe,7,Com_PCA,189,2,2,0.9093538009514176,0.058947402165981926,0.03169879688260065
NIR_spe,7,Com_PCA,190,2,2,0.9220008386906158,0.07507988727453208,0.002919274034852259
NIR_spe,7,Com_PCA,191,2,2,0.9401993224539108,0.056682663523162376,0.00311801402292672
NIR_spe,7,Com_PCA,192,2,2,0.9218686996827814,0.07545123262770682,0.002680067689511745
NIR_spe,7,Com_PCA,193,2,2,0.9446264620640561,0.05178376247056129,0.003589775465382687
NIR_spe,7,Com_PCA,194,2,2,0.9145615978269872,0.08156390890270653,0.003874493270306737
NIR_spe,7,Com_PCA,195,2,2,0.8162249536952839,0.17596905311123867,0.007805993193477518
NIR_spe,7,Com_PCA,196,2,2,0.768964271368968,0.2248991914557141,0.006136537175317667
NIR_spe,7,Com_PCA,197,2,2,0.7016070980785835,0.286683707241808,0.011709194679608435
NIR_spe,7,Com_PCA,198,2,2,0.873135302872425,0.1207028048342406,0.006161892293334333
NIR_spe,7,Com_PCA,199,2,2,0.8598331660107382,0.1330141187883764,0.00715271520088559
NIR_spe,7,Com_PCA,200,2,2,0.976722284549957,0.020311029937349352,0.0029666855126936125
NIR_spe,7,Com_PCA,201,2,2,0.9692330552056491,0.026537650096155933,0.004229294698195025
NIR_spe,7,Com_PCA,202,2,2,0.9709408275613328,0.025367879681940052,0.003691292756727074
NIR_spe,7,Com_PCA,203,2,2,0.9627077780624815,0.03243353355071924,0.004858688386799105
NIR_spe,7,Com_PCA,204,2,2,0.9721461535329874,0.024273244325390443,0.00358060214162225
NIR_spe,7,Com_PCA,205,2,2,0.9457198802124315,0.04247505791304181,0.01180506187452659
NIR_spe,7,Com_PCA,206,2,2,0.9588158856386078,0.035810247815615544,0.0053738665457766215
NIR_spe,7,Com_PCA,207,2,2,0.9523316243469162,0.04403105432388407,0.0036373213291999488
NIR_spe,7,Com_PCA,208,2,2,0.9469433821968545,0.046055335978254515,0.0070012818248911856
NIR_spe,7,Com_PCA,209,2,2,0.8480676410503324,0.14301316571950615,0.008919193230161493
NIR_spe,7,Com_PCA,210,2,2,0.8650396823700326,0.12933469356316765,0.00562562406679958
NIR_spe,7,Com_PCA,211,2,2,0.9356153927859215,0.060035405351343565,0.004349201862734759
NIR_spe,7,Com_PCA,212,2,2,0.944406334698881,0.052415583991240446,0.0031780813098782595
NIR_spe,7,Com_PCA,213,2,2,0.9239899753599343,0.0719763396684048,0.004033684971661003
NIR_spe,7,Com_PCA,214,2,2,0.9190839888557802,0.07404582944072703,0.006870181703492677
NIR_spe,7,Com_PCA,215,2,2,0.8009149516221585,0.19065726026177748,0.008427788116063713
NIR_spe,7,Com_PCA,331,3,2,0.9420121189265317,0.035356801511516114,0.022631079561952133
NIR_spe,7,Com_PCA,332,3,2,0.8533891500510831,0.10844116558543139,0.0381696843634856
NIR_spe,7,Com_PCA,333,3,2,0.9312176684379886,0.038033837338700326,0.030748494223310913
NIR_spe,7,Com_PCA,334,3,2,0.9372676319842979,0.03771282499683359,0.025019543018868568
NIR_spe,7,Com_PCA,335,3,2,0.9387349391426891,0.052188796518959434,0.009076264338351495
NIR_spe,7,Com_PCA,336,3,2,0.9442888207951908,0.04447027924100816,0.011240899963801008
NIR_spe,7,Com_PCA,337,3,2,0.9354146217927775,0.056181059036591464,0.00840431917063067
NIR_spe,7,Com_PCA,338,3,2,0.9367419771904165,0.05500830537105223,0.008249717438530958
NIR_spe,7,Com_PCA,397,4,4,0.01038834899251359,0.006000257198825882,0.9836113938086603
NIR_spe,7,Com_PCA,398,4,4,0.009833159229591524,0.004956842525266079,0.9852099982451425
NIR_spe,7,Com_PCA,399,4,4,0.010575292089106072,0.005226516366089093,0.9841981915448047
NIR_spe,7,Com_PCA,400,4,4,0.038225622183704816,0.00951584774205393,0.9522585300742412
NIR_spe,7,Com_PCA,401,4,4,0.024469163353371657,0.01384749154735117,0.9616833450992771
NIR_spe,7,Com_PCA,402,4,4,0.039708801408559424,0.0074769081688458834,0.9528142904225947
NIR_spe,7,Selecao_interna,189,2,2,0.9093538009514176,0.058947402165981926,0.03169879688260065
NIR_spe,7,Selecao_interna,190,2,2,0.9220008386906158,0.07507988727453208,0.002919274034852259
NIR_spe,7,Selecao_interna,191,2,2,0.9401993224539108,0.056682663523162376,0.00311801402292672
NIR_spe,7,Selecao_interna,192,2,2,0.9218686996827814,0.07545123262770682,0.002680067689511745
NIR_spe,7,Selecao_interna,193,2,2,0.9446264620640561,0.05178376247056129,0.003589775465382687
NIR_spe,7,Selecao_interna,194,2,2,0.9145615978269872,0.08156390890270653,0.003874493270306737
NIR_spe,7,Selecao_interna,195,2,2,0.8162249536952839,0.17596905311123867,0.007805993193477518
NIR_spe,7,Selecao_interna,196,2,2,0.768964271368968,0.2248991914557141,0.006136537175317667
NIR_spe,7,Selecao_interna,197,2,2,0.7016070980785835,0.286683707241808,0.011709194679608435
NIR_spe,7,Selecao_interna,198,2,2,0.873135302872425,0.1207028048342406,0.006161892293334333
NIR_spe,7,Selecao_interna,199,2,2,0.8598331660107382,0.1330141187883764,0.00715271520088559
NIR_spe,7,Selecao_interna,200,2,2,0.976722284549957,0.020311029937349352,0.0029666855126936125
NIR_spe,7,Selecao_interna,201,2,2,0.9692330552056491,0.026537650096155933,0.004229294698195025
NIR_spe,7,Selecao_interna,202,2,2,0.9709408275613328,0.025367879681940052,0.003691292756727074
NIR_spe,7,Selecao_interna,203,2,2,0.9627077780624815,0.03243353355071924,0.004858688386799105
NIR_spe,7,Selecao_interna,204,2,2,0.9721461535329874,0.024273244325390443,0.00358060214162225
NIR_spe,7,Selecao_interna,205,2,2,0.9457198802124315,0.04247505791304181,0.01180506187452659
NIR_spe,7,Selecao_interna,206,2,2,0.9588158856386078,0.035810247815615544,0.0053738665457766215
NIR_spe,7,Selecao_interna,207,2,2,0.9523316243469162,0.04403105432388407,0.0036373213291999488
NIR_spe,7,Selecao_interna,208,2,2,0.9469433821968545,0.046055335978254515,0.0070012818248911856
NIR_spe,7,Selecao_interna,209,2,2,0.8480676410503324,0.14301316571950615,0.008919193230161493
NIR_spe,7,Selecao_interna,210,2,2,0.8650396823700326,0.12933469356316765,0.00562562406679958
NIR_spe,7,Selecao_interna,211,2,2,0.9356153927859215,0.060035405351343565,0.004349201862734759
NIR_spe,7,Selecao_interna,212,2,2,0.944406334698881,0.052415583991240446,0.0031780813098782595
NIR_spe,7,Selecao_interna,213,2,2,0.9239899753599343,0.0719763396684048,0.004033684971661003
NIR_spe,7,Selecao_interna,214,2,2,0.9190839888557802,0.07404582944072703,0.006870181703492677
NIR_spe,7,Selecao_interna,215,2,2,0.8009149516221585,0.19065726026177748,0.008427788116063713
NIR_spe,7,Selecao_interna,331,3,2,0.9420121189265317,0.035356801511516114,0.022631079561952133
NIR_spe,7,Selecao_interna,332,3,2,0.8533891500510831,0.10844116558543139,0.0381696843634856
NIR_spe,7,Selecao_interna,333,3,2,0.9312176684379886,0.038033837338700326,0.030748494223310913
NIR_spe,7,Selecao_interna,334,3,2,0.9372676319842979,0.03771282499683359,0.025019543018868568
NIR_spe,7,Selecao_interna,335,3,2,0.9387349391426891,0.052188796518959434,0.009076264338351495
NIR_spe,7,Selecao_interna,336,3,2,0.9442888207951908,0.04447027924100816,0.011240899963801008
NIR_spe,7,Selecao_interna,337,3,2,0.9354146217927775,0.056181059036591464,0.00840431917063067
NIR_spe,7,Selecao_interna,338,3,2,0.9367419771904165,0.05500830537105223,0.008249717438530958
NIR_spe,7,Selecao_interna,397,4,4,0.01038834899251359,0.006000257198825882,0.9836113938086603
NIR_spe,7,Selecao_interna,398,4,4,0.009833159229591524,0.004956842525266079,0.9852099982451425
NIR_spe,7,Selecao_interna,399,4,4,0.010575292089106072,0.005226516366089093,0.9841981915448047
NIR_spe,7,Selecao_interna,400,4,4,0.038225622183704816,0.00951584774205393,0.9522585300742412
NIR_spe,7,Selecao_interna,401,4,4,0.024469163353371657,0.01384749154735117,0.9616833450992771
NIR_spe,7,Selecao_interna,402,4,4,0.039708801408559424,0.0074769081688458834,0.9528142904225947
NIR_spe,8,Sem_PCA,216,2,2,0.9599439231987885,0.028550170371450058,0.011505906429761494
NIR_spe,8,Sem_PCA,217,2,2,0.9792742094824629,0.01787199570542528,0.0028537948121118797
NIR_spe,8,Sem_PCA,218,2,2,0.9666392969472903,0.029409938812144376,0.003950764240565129
NIR_spe,8,Sem_PCA,219,2,2,0.9107792431606033,0.0777955264269183,0.011425230412478764
NIR_spe,8,Sem_PCA,220,2,2,0.9999950595861913,7.565476835098425e-08,4.864759040308151e-06
NIR_spe,8,Sem_PCA,221,2,2,0.999956597013277,3.403499561602885e-07,4.306263676683005e-05
NIR_spe,8,Sem_PCA,222,2,2,0.9997669686474856,1.8340519041896974e-05,0.00021469083347248934
NIR_spe,8,Sem_PCA,223,2,2,0.9999320063721402,6.292128523922305e-08,6.793070657457329e-05
NIR_spe,8,Sem_PCA,224,2,2,0.9998777630673631,1.0314726791355853e-06,0.00012120545995761438
NIR_spe,8,Sem_PCA,225,2,2,0.9503780894803381,4.974218202576331e-05,0.04957216833763614
NIR_spe,8,Sem_PCA,226,2,2,0.9359218166553713,8.093341586952123e-05,0.06399724992875887
NIR_spe,8,Sem_PCA,227,2,2,0.9517744528941771,3.448743624929831e-05,0.04819105966957382
NIR_spe,8,Sem_PCA,228,2,2,0.9104404558504756,0.00011161888851036043,0.08944792526101421
NIR_spe,8,Sem_PCA,229,2,2,0.9310398849939356,8.287961077773719e-05,0.06887723539528667
NIR_spe,8,Sem_PCA,230,2,2,0.9995246058272284,0.00014087184931993796,0.00033452232345178393
NIR_spe,8,Sem_PCA,231,2,2,0.9960365837743508,0.00019213722020765953,0.003771279005441578
NIR_spe,8,Sem_PCA,232,2,2,0.9997899731989895,1.3984029729828847e-05,0.00019604277128065046
NIR_spe,8,Sem_PCA,233,2,2,0.9998859648680611,5.590243362560345e-07,0.00011347610760255987
NIR_spe,8,Sem_PCA,234,2,2,0.9988960435467231,0.0005031995926007178,0.0006007568606760485
NIR_spe,8,Sem_PCA,235,2,2,0.9990648327539289,1.8814950479141532e-05,0.0009163522955919352
NIR_spe,8,Sem_PCA,236,2,2,0.9997591595375911,1.015497857331795e-06,0.00023982496455157292
NIR_spe,8,Sem_PCA,237,2,2,0.9998831185336614,8.940051620429957e-07,0.00011598746117653232
NIR_spe,8,Sem_PCA,238,2,2,0.9998590671901054,1.8757474049540506e-06,0.0001390570624894781
NIR_spe,8,Sem_PCA,239,2,2,0.9993039746537957,5.80619411542078e-06,0.0006902191520888629
NIR_spe,8,Sem_PCA,240,2,2,0.996668065936551,0.0030978250519391173,0.00023410901151001083
NIR_spe,8,Sem_PCA,241,2,2,0.9991514354120112,2.5462400736915325e-05,0.0008231021872518399
NIR_spe,8,Sem_PCA,242,2,2,0.9974685312879483,0.0025093937623043025,2.2074949747509966e-05
NIR_spe,8,Sem_PCA,339,3,3,0.024924187000415862,0.9705993332272551,0.004476479772329084
NIR_spe,8,Sem_PCA,340,3,3,0.05862998814922063,0.9173266300129013,0.0240433818378779
NIR_spe,8,Sem_PCA,341,3,3,0.07605962468138308,0.9052531785793897,0.01868719673922697
NIR_spe,8,Sem_PCA,342,3,3,0.04983043554704435,0.9336786062289554,0.016490958224000186
NIR_spe,8,Sem_PCA,343,3,3,0.06006130437835126,0.9229828124951802,0.016955883126468504
NIR_spe,8,Sem_PCA,344,3,3,0.034369211475251585,0.9500100886391316,0.015620699885616715
NIR_spe,8,Sem_PCA,345,3,3,0.006651302543439858,0.9784251142216243,0.014923583234935879
NIR_spe,8,Sem_PCA,346,3,3,0.006198770529576705,0.9820765134431639,0.011724716027259422
NIR_spe,8,Sem_PCA,403,4,4,0.0037271439868140836,0.011549086639083507,0.9847237693741024
NIR_spe,8,Sem_PCA,404,4,4,0.006578751900014372,0.021723383913935308,0.9716978641860502
NIR_spe,8,Sem_PCA,405,4,4,0.21153559715411835,0.023351057598465935,0.7651133452474157
NIR_spe,8,Sem_PCA,406,4,4,0.09795030089816423,0.014229808937849957,0.8878198901639858
NIR_spe,8,Sem_PCA,407,4,4,0.03499516965005558,0.008579154625045545,0.956425675724899
NIR_spe,8,Sem_PCA,408,4,4,0.02696631633585558,0.018264001059599865,0.9547696826045446
NIR_spe,8,Com_PCA,216,2,2,0.9564149783400362,0.03184697776222102,0.011738043897742802
NIR_spe,8,Com_PCA,217,2,2,0.9784508937708103,0.018732283948193193,0.0028168222809966327
NIR_spe,8,Com_PCA,218,2,2,0.9623711246399972,0.03364130297228149,0.003987572387721048
NIR_spe,8,Com_PCA,219,2,2,0.8969766456712408,0.09146545563776998,0.011557898690989197
NIR_spe,8,Com_PCA,220,2,2,0.9999960117882852,7.554524579663455e-08,3.9126664690664845e-06
NIR_spe,8,Com_PCA,221,2,2,0.9999674029082578,5.2358508321837e-07,3.2073506658898886e-05
NIR_spe,8,Com_PCA,222,2,2,0.9997989678910169,2.6489326057732175e-05,0.00017454278292521324
NIR_spe,8,Com_PCA,223,2,2,0.9999392145149182,6.173506397883107e-08,6.0723750017680443e-05
NIR_spe,8,Com_PCA,224,2,2,0.999904059981088,1.3403011839047452e-06,9.459971772806214e-05
NIR_spe,8,Com_PCA,225,2,2,0.9537056963109083,4.0334240002235625e-05,0.046253969449089716
NIR_spe,8,Com_PCA,226,2,2,0.9391982394000444,7.335472071562999e-05,0.060728405879239694
NIR_spe,8,Com_PCA,227,2,2,0.9538003773737602,2.802355038322202e-05,0.04617159907585665
NIR_spe,8,Com_PCA,228,2,2,0.9152625534813834,8.921691014370196e-05,0.08464822960847272
NIR_spe,8,Com_PCA,229,2,2,0.9354637029714693,6.57533970579819e-05,0.06447054363147244
NIR_spe,8,Com_PCA,230,2,2,0.9995823375329408,0.00013667339170259912,0.0002809890753566677
NIR_spe,8,Com_PCA,231,2,2,0.9967084330193962,0.00020047103606789357,0.0030910959445358895
NIR_spe,8,Com_PCA,232,2,2,0.999822575726015,1.1583668937251697e-05,0.00016584060504762368
NIR_spe,8,Com_PCA,233,2,2,0.9999044811762824,3.615398955514552e-07,9.515728382193805e-05
NIR_spe,8,Com_PCA,234,2,2,0.9990577473115176,0.0004373481020578403,0.0005049045864242965
NIR_spe,8,Com_PCA,235,2,2,0.9991656568738609,2.5955067310803603e-05,0.0008083880588282293
NIR_spe,8,Com_PCA,236,2,2,0.9997993269671789,1.066181890089763e-06,0.0001996068509311412
NIR_spe,8,Com_PCA,237,2,2,0.9999022424626063,9.151354039267317e-07,9.684240198981725e-05
NIR_spe,8,Com_PCA,238,2,2,0.9998886074279499,2.382393338770969e-06,0.00010901017871115883
NIR_spe,8,Com_PCA,239,2,2,0.9994219259213826,8.037346189305639e-06,0.0005700367324281235
NIR_spe,8,Com_PCA,240,2,2,0.9968644135715247,0.0029503650400766832,0.00018522138839878078
NIR_spe,8,Com_PCA,241,2,2,0.9992125975084879,1.7763265791013387e-05,0.000769639225721058
NIR_spe,8,Com_PCA,242,2,2,0.9977022434615875,0.00228086563251417,1.6890905898202728e-05
NIR_spe,8,Com_PCA,339,3,3,0.02866083203532782,0.967068343598277,0.004270824366395084
NIR_spe,8,Com_PCA,340,3,3,0.04500620112894244,0.9328158798518345,0.02217791901922316
NIR_spe,8,Com_PCA,341,3,3,0.05865574071686505,0.9239182585181078,0.017426000765026987
NIR_spe,8,Com_PCA,342,3,3,0.03820807198324374,0.9464090022559858,0.015382925760770643
NIR_spe,8,Com_PCA,343,3,3,0.045548816111201686,0.9387427423443906,0.01570844154440762
NIR_spe,8,Com_PCA,344,3,3,0.02551519376765437,0.9600724534482362,0.014412352784109551
NIR_spe,8,Com_PCA,345,3,3,0.007214223450107004,0.9774872931310069,0.015298483418886078
NIR_spe,8,Com_PCA,346,3,3,0.0067244937098111714,0.9811254537735908,0.012150052516598281
NIR_spe,8,Com_PCA,403,4,4,0.003604671433428778,0.01155123811995806,0.984844090446613
NIR_spe,8,Com_PCA,404,4,4,0.005163232767619002,0.022598952411015723,0.9722378148213656
NIR_spe,8,Com_PCA,405,4,4,0.2380000009175587,0.025424672246407112,0.7365753268360341
NIR_spe,8,Com_PCA,406,4,4,0.10370029166393907,0.015336186166414424,0.8809635221696467
NIR_spe,8,Com_PCA,407,4,4,0.03518296219650691,0.009315924265072358,0.9555011135384207
NIR_spe,8,Com_PCA,408,4,4,0.027381754615336536,0.01912608519658615,0.953492160188077
NIR_spe,8,Selecao_interna,216,2,2,0.9599439231987885,0.028550170371450058,0.011505906429761494
NIR_spe,8,Selecao_interna,217,2,2,0.9792742094824629,0.01787199570542528,0.0028537948121118797
NIR_spe,8,Selecao_interna,218,2,2,0.9666392969472903,0.029409938812144376,0.003950764240565129
NIR_spe,8,Selecao_interna,219,2,2,0.9107792431606033,0.0777955264269183,0.011425230412478764
NIR_spe,8,Selecao_interna,220,2,2,0.9999950595861913,7.565476835098425e-08,4.864759040308151e-06
NIR_spe,8,Selecao_interna,221,2,2,0.999956597013277,3.403499561602885e-07,4.306263676683005e-05
NIR_spe,8,Selecao_interna,222,2,2,0.9997669686474856,1.8340519041896974e-05,0.00021469083347248934
NIR_spe,8,Selecao_interna,223,2,2,0.9999320063721402,6.292128523922305e-08,6.793070657457329e-05
NIR_spe,8,Selecao_interna,224,2,2,0.9998777630673631,1.0314726791355853e-06,0.00012120545995761438
NIR_spe,8,Selecao_interna,225,2,2,0.9503780894803381,4.974218202576331e-05,0.04957216833763614
NIR_spe,8,Selecao_interna,226,2,2,0.9359218166553713,8.093341586952123e-05,0.06399724992875887
NIR_spe,8,Selecao_interna,227,2,2,0.9517744528941771,3.448743624929831e-05,0.04819105966957382
NIR_spe,8,Selecao_interna,228,2,2,0.9104404558504756,0.00011161888851036043,0.08944792526101421
NIR_spe,8,Selecao_interna,229,2,2,0.9310398849939356,8.287961077773719e-05,0.06887723539528667
NIR_spe,8,Selecao_interna,230,2,2,0.9995246058272284,0.00014087184931993796,0.00033452232345178393
NIR_spe,8,Selecao_interna,231,2,2,0.9960365837743508,0.00019213722020765953,0.003771279005441578
NIR_spe,8,Selecao_interna,232,2,2,0.9997899731989895,1.3984029729828847e-05,0.00019604277128065046
NIR_spe,8,Selecao_interna,233,2,2,0.9998859648680611,5.590243362560345e-07,0.00011347610760255987
NIR_spe,8,Selecao_interna,234,2,2,0.9988960435467231,0.0005031995926007178,0.0006007568606760485
NIR_spe,8,Selecao_interna,235,2,2,0.9990648327539289,1.8814950479141532e-05,0.0009163522955919352
NIR_spe,8,Selecao_interna,236,2,2,0.9997591595375911,1.015497857331795e-06,0.00023982496455157292
NIR_spe,8,Selecao_interna,237,2,2,0.9998831185336614,8.940051620429957e-07,0.00011598746117653232
NIR_spe,8,Selecao_interna,238,2,2,0.9998590671901054,1.8757474049540506e-06,0.0001390570624894781
NIR_spe,8,Selecao_interna,239,2,2,0.9993039746537957,5.80619411542078e-06,0.0006902191520888629
NIR_spe,8,Selecao_interna,240,2,2,0.996668065936551,0.0030978250519391173,0.00023410901151001083
NIR_spe,8,Selecao_interna,241,2,2,0.9991514354120112,2.5462400736915325e-05,0.0008231021872518399
NIR_spe,8,Selecao_interna,242,2,2,0.9974685312879483,0.0025093937623043025,2.2074949747509966e-05
NIR_spe,8,Selecao_interna,339,3,3,0.024924187000415862,0.9705993332272551,0.004476479772329084
NIR_spe,8,Selecao_interna,340,3,3,0.05862998814922063,0.9173266300129013,0.0240433818378779
NIR_spe,8,Selecao_interna,341,3,3,0.07605962468138308,0.9052531785793897,0.01868719673922697
NIR_spe,8,Selecao_interna,342,3,3,0.04983043554704435,0.9336786062289554,0.016490958224000186
NIR_spe,8,Selecao_interna,343,3,3,0.06006130437835126,0.9229828124951802,0.016955883126468504
NIR_spe,8,Selecao_interna,344,3,3,0.034369211475251585,0.9500100886391316,0.015620699885616715
NIR_spe,8,Selecao_interna,345,3,3,0.006651302543439858,0.9784251142216243,0.014923583234935879
NIR_spe,8,Selecao_interna,346,3,3,0.006198770529576705,0.9820765134431639,0.011724716027259422
NIR_spe,8,Selecao_interna,403,4,4,0.0037271439868140836,0.011549086639083507,0.9847237693741024
NIR_spe,8,Selecao_interna,404,4,4,0.006578751900014372,0.021723383913935308,0.9716978641860502
NIR_spe,8,Selecao_interna,405,4,4,0.21153559715411835,0.023351057598465935,0.7651133452474157
NIR_spe,8,Selecao_interna,406,4,4,0.09795030089816423,0.014229808937849957,0.8878198901639858
NIR_spe,8,Selecao_interna,407,4,4,0.03499516965005558,0.008579154625045545,0.956425675724899
NIR_spe,8,Selecao_interna,408,4,4,0.02696631633585558,0.018264001059599865,0.9547696826045446
NIR_spe,9,Sem_PCA,243,2,2,0.9985649429560153,0.00027674041765011993,0.0011583166263347225
NIR_spe,9,Sem_PCA,244,2,2,0.9978550727191707,0.0010056050102772536,0.0011393222705521427
NIR_spe,9,Sem_PCA,245,2,3,0.014962198133670149,0.7434028689966097,0.2416349328697201
NIR_spe,9,Sem_PCA,246,2,3,0.029840439078423365,0.8012434541263586,0.168916106795218
NIR_spe,9,Sem_PCA,247,2,3,0.03265074589508709,0.647576674504029,0.31977257960088395
NIR_spe,9,Sem_PCA,248,2,3,0.018855267691394697,0.7761813593462442,0.20496337296236092
NIR_spe,9,Sem_PCA,249,2,4,0.029871754292528866,0.5544268349555739,0.41570141075189737
NIR_spe,9,Sem_PCA,250,2,2,0.9899076759502777,0.0003430983650014363,0.009749225684720968
NIR_spe,9,Sem_PCA,251,2,2,0.9901891728917972,0.00032787924056222075,0.009482947867640576
NIR_spe,9,Sem_PCA,252,2,2,0.9660714521439144,0.004086232489048815,0.029842315367036618
NIR_spe,9,Sem_PCA,253,2,2,0.9704980776942961,0.002360004386042662,0.027141917919661303
NIR_spe,9,Sem_PCA,254,2,2,0.987001528413409,0.0005369213192979509,0.012461550267293163
NIR_spe,9,Sem_PCA,255,2,2,0.46393554806887166,0.20988773838395985,0.3261767135471683
NIR_spe,9,Sem_PCA,256,2,2,0.3972525477023579,0.2921262314071392,0.3106212208905028
NIR_spe,9,Sem_PCA,257,2,2,0.4259440623073275,0.21911621218103824,0.35493972551163416
NIR_spe,9,Sem_PCA,258,2,2,0.4247489326117675,0.26802413346885345,0.307226933919379
NIR_spe,9,Sem_PCA,259,2,2,0.4612817048026151,0.22410975696108096,0.31460853823630386
NIR_spe,9,Sem_PCA,260,2,2,0.451988512317891,0.30432778911712255,0.24368369856498653
NIR_spe,9,Sem_PCA,261,2,2,0.4519880736006631,0.30432666699482097,0.2436852594045157
NIR_spe,9,Sem_PCA,262,2,2,0.4519887381534083,0.304327441472507,0.24368382037408456
NIR_spe,9,Sem_PCA,263,2,2,0.45198852689140906,0.3043279423851117,0.24368353072347912
NIR_spe,9,Sem_PCA,264,2,2,0.4519885122367479,0.3043275168014197,0.2436839709618321
NIR_spe,9,Sem_PCA,265,2,2,0.275620273481904,0.28828289038472243,0.43609683613337347
NIR_spe,9,Sem_PCA,266,2,2,0.2641798849772227,0.44012525224836824,0.29569486277440893
NIR_spe,9,Sem_PCA,267,2,4,0.13974096468424396,0.24514485621952195,0.6151141790962338
NIR_spe,9,Sem_PCA,268,2,2,0.2576431976602201,0.6285028200022498,0.11385398233753004
NIR_spe,9,Sem_PCA,269,2,2,0.31352211291966803,0.3795796395242569,0.30689824755607514
NIR_spe,9,Sem_PCA,347,3,3,0.010456879315617966,0.9704126939709662,0.019130426713415853
NIR_spe,9,Sem_PCA,348,3,3,0.006401743198952633,0.9781148986884269,0.015483358112620438
NIR_spe,9,Sem_PCA,349,3,3,0.005765729096241629,0.9793377883010269,0.014896482602731364
NIR_spe,9,Sem_PCA,350,3,2,0.511751032632663,0.34455444974506855,0.14369451762226818
NIR_spe,9,Sem_PCA,351,3,2,0.2554109562322005,0.3197048009824841,0.4248842427853154
NIR_spe,9,Sem_PCA,352,3,2,0.4762748761694017,0.3430995582388854,0.18062556559171294
NIR_spe,9,Sem_PCA,353,3,2,0.32403713431312736,0.33351840291495605,0.3424444627719165
NIR_spe,9,Sem_PCA,354,3,3,0.26880694286347606,0.6893461584232904,0.0418468987132335
NIR_spe,9,Sem_PCA,409,4,4,0.032505006894109574,0.039415193678173074,0.928079799427717
NIR_spe,9,Sem_PCA,410,4,4,0.43780551158261044,0.08245819528085342,0.479736293136536
NIR_spe,9,Sem_PCA,411,4,4,0.45822235590810056,0.11208367989833685,0.4296939641935627
NIR_spe,9,Sem_PCA,412,4,4,0.4831978772031448,0.09402448377157611,0.42277763902527915
NIR_spe,9,Sem_PCA,413,4,4,0.4376432596461119,0.09177228593420712,0.47058445441968083
NIR_spe,9,Sem_PCA,414,4,4,0.49277173094604093,0.09667159823395043,0.4105566708200084
NIR_spe,9,Com_PCA,243,2,2,0.9986773575991099,0.00013761747946140757,0.0011850249214285294
NIR_spe,9,Com_PCA,244,2,2,0.9981314558988887,0.0006884940391269371,0.00118005006198439
NIR_spe,9,Com_PCA,245,2,3,0.01703825665917308,0.7625735210222284,0.22038822231859861
NIR_spe,9,Com_PCA,246,2,3,0.054221440991997064,0.827278394354696,0.11850016465330698
NIR_spe,9,Com_PCA,247,2,3,0.05114279724489764,0.6664736173951102,0.28238358535999225
NIR_spe,9,Com_PCA,248,2,3,0.026919533893594576,0.7847870314679801,0.18829343463842554
NIR_spe,9,Com_PCA,249,2,4,0.05523101601191087,0.47194790646691237,0.47282107752117664
NIR_spe,9,Com_PCA,250,2,2,0.9900190068147972,0.0003358110638554287,0.00964518212134752
NIR_spe,9,Com_PCA,251,2,2,0.9904701843132934,0.000306586458189804,0.009223229228516767
NIR_spe,9,Com_PCA,252,2,2,0.9658063118742062,0.0033400221622165074,0.030853665963577224
NIR_spe,9,Com_PCA,253,2,2,0.970449137698896,0.002352071313956363,0.027198790987147597
NIR_spe,9,Com_PCA,254,2,2,0.987019471753654,0.0005391754485648525,0.012441352797781073
NIR_spe,9,Com_PCA,255,2,2,0.43945100110712176,0.21287343450347768,0.34767556438940045
NIR_spe,9,Com_PCA,256,2,2,0.38841510122650386,0.26549664167658804,0.3460882570969083
NIR_spe,9,Com_PCA,257,2,2,0.3952548021902412,0.22179714278870583,0.38294805502105295
NIR_spe,9,Com_PCA,258,2,2,0.41285018881569213,0.2504293252897296,0.3367204858945782
NIR_spe,9,Com_PCA,259,2,2,0.4389076046510208,0.2228400132265684,0.33825238212241043
NIR_spe,9,Com_PCA,260,2,2,0.5204175991220351,0.2006119277272249,0.2789704731507399
NIR_spe,9,Com_PCA,261,2,2,0.5200088682876339,0.20068546106928473,0.27930567064308137
NIR_spe,9,Com_PCA,262,2,2,0.5205220588824337,0.20058685440554783,0.27889108671201823
NIR_spe,9,Com_PCA,263,2,2,0.5203907152015396,0.20061973310608514,0.2789895516923755
NIR_spe,9,Com_PCA,264,2,2,0.5203252189529542,0.20062799847351728,0.2790467825735284
NIR_spe,9,Com_PCA,265,2,2,0.3043098045420604,0.2701541744493453,0.42553602100859433
NIR_spe,9,Com_PCA,266,2,2,0.35302110353883215,0.3372547418470389,0.3097241546141289
NIR_spe,9,Com_PCA,267,2,4,0.15141930919928245,0.19536132006491655,0.6532193707358009
NIR_spe,9,Com_PCA,268,2,2,0.31748387963901076,0.5433924319315284,0.1391236884294607
NIR_spe,9,Com_PCA,269,2,2,0.35392847071626543,0.30225241168865885,0.3438191175950754
NIR_spe,9,Com_PCA,347,3,3,0.016622862900929892,0.961010741032683,0.022366396066387382
NIR_spe,9,Com_PCA,348,3,3,0.009478900242775288,0.9729670108826696,0.017554088874555056
NIR_spe,9,Com_PCA,349,3,3,0.008297490258126577,0.9747289906375773,0.016973519104295724
NIR_spe,9,Com_PCA,350,3,2,0.5305071012448141,0.3283077367324469,0.14118516202273887
NIR_spe,9,Com_PCA,351,3,2,0.2755661580677424,0.37207366267022884,0.3523601792620288
NIR_spe,9,Com_PCA,352,3,2,0.4538304779935008,0.3964149986951091,0.14975452331138983
NIR_spe,9,Com_PCA,353,3,2,0.37249538072496513,0.24162641964995632,0.38587819962507863
NIR_spe,9,Com_PCA,354,3,3,0.3488162460177082,0.5995599879427236,0.05162376603956818
NIR_spe,9,Com_PCA,409,4,4,0.03221194233310436,0.05016786788530235,0.9176201897815931
NIR_spe,9,Com_PCA,410,4,4,0.4726351799222746,0.09603356534900453,0.43133125472872075
NIR_spe,9,Com_PCA,411,4,4,0.508453539043907,0.12265899479231884,0.368887466163774
NIR_spe,9,Com_PCA,412,4,4,0.5158344095599358,0.11310463358279185,0.37106095685727214
NIR_spe,9,Com_PCA,413,4,4,0.4673849470467736,0.10675906498811896,0.42585598796510715
NIR_spe,9,Com_PCA,414,4,4,0.5234284200691456,0.11086354006794469,0.3657080398629099
NIR_spe,9,Selecao_interna,243,2,2,0.9986773575991099,0.00013761747946140757,0.0011850249214285294
NIR_spe,9,Selecao_interna,244,2,2,0.9981314558988887,0.0006884940391269371,0.00118005006198439
NIR_spe,9,Selecao_interna,245,2,3,0.01703825665917308,0.7625735210222284,0.22038822231859861
NIR_spe,9,Selecao_interna,246,2,3,0.054221440991997064,0.827278394354696,0.11850016465330698
NIR_spe,9,Selecao_interna,247,2,3,0.05114279724489764,0.6664736173951102,0.28238358535999225
NIR_spe,9,Selecao_interna,248,2,3,0.026919533893594576,0.7847870314679801,0.18829343463842554
NIR_spe,9,Selecao_interna,249,2,4,0.05523101601191087,0.47194790646691237,0.47282107752117664
NIR_spe,9,Selecao_interna,250,2,2,0.9900190068147972,0.0003358110638554287,0.00964518212134752
NIR_spe,9,Selecao_interna,251,2,2,0.9904701843132934,0.000306586458189804,0.009223229228516767
NIR_spe,9,Selecao_interna,252,2,2,0.9658063118742062,0.0033400221622165074,0.030853665963577224
NIR_spe,9,Selecao_interna,253,2,2,0.970449137698896,0.002352071313956363,0.027198790987147597
NIR_spe,9,Selecao_interna,254,2,2,0.987019471753654,0.0005391754485648525,0.012441352797781073
NIR_spe,9,Selecao_interna,255,2,2,0.43945100110712176,0.21287343450347768,0.34767556438940045
NIR_spe,9,Selecao_interna,256,2,2,0.38841510122650386,0.26549664167658804,0.3460882570969083
NIR_spe,9,Selecao_interna,257,2,2,0.3952548021902412,0.22179714278870583,0.38294805502105295
NIR_spe,9,Selecao_interna,258,2,2,0.41285018881569213,0.2504293252897296,0.3367204858945782
NIR_spe,9,Selecao_interna,259,2,2,0.4389076046510208,0.2228400132265684,0.33825238212241043
NIR_spe,9,Selecao_interna,260,2,2,0.5204175991220351,0.2006119277272249,0.2789704731507399
NIR_spe,9,Selecao_interna,261,2,2,0.5200088682876339,0.20068546106928473,0.27930567064308137
NIR_spe,9,Selecao_interna,262,2,2,0.5205220588824337,0.20058685440554783,0.27889108671201823
NIR_spe,9,Selecao_interna,263,2,2,0.5203907152015396,0.20061973310608514,0.2789895516923755
NIR_spe,9,Selecao_interna,264,2,2,0.5203252189529542,0.20062799847351728,0.2790467825735284
NIR_spe,9,Selecao_interna,265,2,2,0.3043098045420604,0.2701541744493453,0.42553602100859433
NIR_spe,9,Selecao_interna,266,2,2,0.35302110353883215,0.3372547418470389,0.3097241546141289
NIR_spe,9,Selecao_interna,267,2,4,0.15141930919928245,0.19536132006491655,0.6532193707358009
NIR_spe,9,Selecao_interna,268,2,2,0.31748387963901076,0.5433924319315284,0.1391236884294607
NIR_spe,9,Selecao_interna,269,2,2,0.35392847071626543,0.30225241168865885,0.3438191175950754
NIR_spe,9,Selecao_interna,347,3,3,0.016622862900929892,0.961010741032683,0.022366396066387382
NIR_spe,9,Selecao_interna,348,3,3,0.009478900242775288,0.9729670108826696,0.017554088874555056
NIR_spe,9,Selecao_interna,349,3,3,0.008297490258126577,0.9747289906375773,0.016973519104295724
NIR_spe,9,Selecao_interna,350,3,2,0.5305071012448141,0.3283077367324469,0.14118516202273887
NIR_spe,9,Selecao_interna,351,3,2,0.2755661580677424,0.37207366267022884,0.3523601792620288
NIR_spe,9,Selecao_interna,352,3,2,0.4538304779935008,0.3964149986951091,0.14975452331138983
NIR_spe,9,Selecao_interna,353,3,2,0.37249538072496513,0.24162641964995632,0.38587819962507863
NIR_spe,9,Selecao_interna,354,3,3,0.3488162460177082,0.5995599879427236,0.05162376603956818
NIR_spe,9,Selecao_interna,409,4,4,0.03221194233310436,0.05016786788530235,0.9176201897815931
NIR_spe,9,Selecao_interna,410,4,4,0.4726351799222746,0.09603356534900453,0.43133125472872075
NIR_spe,9,Selecao_interna,411,4,4,0.508453539043907,0.12265899479231884,0.368887466163774
NIR_spe,9,Selecao_interna,412,4,4,0.5158344095599358,0.11310463358279185,0.37106095685727214
NIR_spe,9,Selecao_interna,413,4,4,0.4673849470467736,0.10675906498811896,0.42585598796510715
NIR_spe,9,Selecao_interna,414,4,4,0.5234284200691456,0.11086354006794469,0.3657080398629099
Combined_spe,0,Sem_PCA,0,2,2,0.8917413652649463,0.1051252410692862,0.0031333936657675595
Combined_spe,0,Sem_PCA,1,2,2,0.9421053058860859,0.05413787547077172,0.0037568186431423014
Combined_spe,0,Sem_PCA,2,2,2,0.945504735268821,0.050450666163716504,0.004044598567462348
Combined_spe,0,Sem_PCA,3,2,2,0.9662639091272351,0.03207142158035934,0.0016646692924056855
Combined_spe,0,Sem_PCA,4,2,2,0.974377155103151,0.023066346029721057,0.0025564988671279956
Combined_spe,0,Sem_PCA,5,2,2,0.9965838413638222,0.00030709773077718073,0.003109060905400541
Combined_spe,0,Sem_PCA,6,2,2,0.9971318931695916,5.334398917766045e-05,0.002814762841230732
Combined_spe,0,Sem_PCA,7,2,2,0.9977436234107119,4.8622692800610815e-05,0.0022077538964875194
Combined_spe,0,Sem_PCA,8,2,2,0.9975534729555385,3.1737298399732296e-05,0.002414789746062002
Combined_spe,0,Sem_PCA,9,2,2,0.9980912227280212,2.842196137472006e-05,0.0018803553106040715
Combined_spe,0,Sem_PCA,10,2,2,0.9990601508274015,0.00032188089481001106,0.0006179682777885243
Combined_spe,0,Sem_PCA,11,2,2,0.9989231000422423,0.00024338088453350066,0.0008335190732241748
Combined_spe,0,Sem_PCA,12,2,2,0.9988856053484094,0.00025632770093937673,0.0008580669506511662
Combined_spe,0,Sem_PCA,13,2,2,0.9991023530282335,0.00023080471164168585,0.000666842260124992
Combined_spe,0,Sem_PCA,14,2,2,0.9992551409649849,0.0001650021282089126,0.0005798569068062196
Combined_spe,0,Sem_PCA,15,2,2,0.9996972334345913,2.491200893282044e-05,0.00027785455647588443
Combined_spe,0,Sem_PCA,16,2,2,0.9997357792703712,2.237854627716986e-05,0.00024184218335156245
Combined_spe,0,Sem_PCA,17,2,2,0.9997195540055077,2.892784064282515e-05,0.00025151815384933675
Combined_spe,0,Sem_PCA,18,2,2,0.9997646405200133,2.5708732737255987e-05,0.0002096507472493339
Combined_spe,0,Sem_PCA,19,2,2,0.9997566982777634,1.843487793083404e-05,0.00022486684430570768
Combined_spe,0,Sem_PCA,20,2,2,0.9831394018378471,0.016489232027306202,0.0003713661348468836
Combined_spe,0,Sem_PCA,21,2,2,0.9929565125326538,0.0067703422976261845,0.00027314516971995974
Combined_spe,0,Sem_PCA,22,2,2,0.9906886057793517,0.009095997329367514,0.00021539689128073896
Combined_spe,0,Sem_PCA,23,2,2,0.9865868942182212,0.013098568673869966,0.00031453710790895807
Combined_spe,0,Sem_PCA,24,2,2,0.9846166463234776,0.015017736125144274,0.00036561755137823733
Combined_spe,0,Sem_PCA,25,2,2,0.9993567857928494,0.0003646993695252309,0.0002785148376254787
Combined_spe,0,Sem_PCA,26,2,2,0.9992597376211698,0.000410479342761818,0.00032978303606829884
Combined_spe,0,Sem_PCA,270,3,3,0.452595096045896,0.43367297157796836,0.11373193237613574
Combined_spe,0,Sem_PCA,271,3,3,0.49984950377818305,0.3881662185734585,0.11198427764835833
Combined_spe,0,Sem_PCA,272,3,3,0.3945076914844778,0.4812309925312932,0.12426131598422877
Combined_spe,0,Sem_PCA,273,3,3,0.4277527447904833,0.4473099777338191,0.12493727747569738
Combined_spe,0,Sem_PCA,274,3,3,0.43133454982463176,0.4390022537256224,0.12966319644974594
Combined_spe,0,Sem_PCA,275,3,3,0.05727464272723152,0.9360100864361942,0.0067152708365742515
Combined_spe,0,Sem_PCA,276,3,3,0.07143109101656615,0.9213036408291035,0.0072652681543305
Combined_spe,0,Sem_PCA,277,3,3,0.07315692510230579,0.92048277829587,0.00636029660182443
Combined_spe,0,Sem_PCA,278,3,3,0.06883942542096906,0.9243944355855873,0.006766138993443553
Combined_spe,0,Sem_PCA,355,4,4,0.005242472778389712,0.003607114514660507,0.9911504127069499
Combined_spe,0,Sem_PCA,356,4,4,0.006985750181071794,0.002878577241011316,0.990135672577917
Combined_spe,0,Sem_PCA,357,4,4,0.003837396685494676,0.0035210542249702304,0.9926415490895351
Combined_spe,0,Sem_PCA,358,4,4,0.006037871359304876,0.0037597487103766414,0.9902023799303186
Combined_spe,0,Sem_PCA,359,4,4,0.004935150763355014,0.006253628238897623,0.9888112209977473
Combined_spe,0,Sem_PCA,360,4,4,0.016981848131445543,0.013164481127489367,0.9698536707410651
Combined_spe,0,Com_PCA,0,2,2,0.7166296654539143,0.2792522175769638,0.0041181169691220584
Combined_spe,0,Com_PCA,1,2,2,0.8380365338673034,0.15743355422559058,0.004529911907106005
Combined_spe,0,Com_PCA,2,2,2,0.8324264715885252,0.1624924724632839,0.0050810559481908775
Combined_spe,0,Com_PCA,3,2,2,0.9185342130021906,0.07932725027835531,0.0021385367194542045
Combined_spe,0,Com_PCA,4,2,2,0.9155306045019221,0.08130974294193552,0.003159652556142472
Combined_spe,0,Com_PCA,5,2,2,0.9962993865081182,0.00046725582281171804,0.003233357669069824
Combined_spe,0,Com_PCA,6,2,2,0.9970265759424906,9.059940723190529e-05,0.0028828246502775466
Combined_spe,0,Com_PCA,7,2,2,0.9976568262398748,7.279127334880219e-05,0.002270382486776443
Combined_spe,0,Com_PCA,8,2,2,0.9974275644674163,0.00011095326127307383,0.0024614822713106103
Combined_spe,0,Com_PCA,9,2,2,0.9978709443782888,0.00021924453974186907,0.0019098110819692387
Combined_spe,0,Com_PCA,10,2,2,0.9992302494810391,0.00012329037711950985,0.0006464601418413112
Combined_spe,0,Com_PCA,11,2,2,0.9990427323177165,8.605232579925918e-05,0.0008712153564843991
Combined_spe,0,Com_PCA,12,2,2,0.9990095645792154,9.387586971700888e-05,0.0008965595510675635
Combined_spe,0,Com_PCA,13,2,2,0.9992275837554279,7.410892730300006e-05,0.0006983073172693549
Combined_spe,0,Com_PCA,14,2,2,0.999324501720473,7.168666500018715e-05,0.0006038116145266839
Combined_spe,0,Com_PCA,15,2,2,0.9997071726954827,2.179366546640592e-05,0.0002710336390508131
Combined_spe,0,Com_PCA,16,2,2,0.999746083001364,2.060694803784007e-05,0.000233310050598111
Combined_spe,0,Com_PCA,17,2,2,0.9997279562666087,2.8747214561162238e-05,0.0002432965188300674
Combined_spe,0,Com_PCA,18,2,2,0.9997765301906972,1.9279310050678558e-05,0.00020419049925215273
Combined_spe,0,Com_PCA,19,2,2,0.9997665089375704,1.6540789961694502e-05,0.00021695027246787998
Combined_spe,0,Com_PCA,20,2,2,0.9600420965578613,0.03951048635004057,0.0004474170920981856
Combined_spe,0,Com_PCA,21,2,2,0.9832183737274878,0.016473377691525255,0.0003082485809868725
Combined_spe,0,Com_PCA,22,2,2,0.9836832784197843,0.016078946472585433,0.0002377751076301494
Combined_spe,0,Com_PCA,23,2,2,0.9742521672383393,0.025383717335024272,0.00036411542663653896
Combined_spe,0,Com_PCA,24,2,2,0.9656567455101984,0.03390184570283755,0.0004414087869640284
Combined_spe,0,Com_PCA,25,2,2,0.9990988836886483,0.0006108233696143186,0.0002902929417374485
Combined_spe,0,Com_PCA,26,2,2,0.998935808722915,0.0007230303761214813,0.0003411609009635201
Combined_spe,0,Com_PCA,270,3,3,0.23772879759701834,0.6554041539801373,0.1068670484228444
Combined_spe,0,Com_PCA,271,3,3,0.28308981177645953,0.6080878260695886,0.10882236215395176
Combined_spe,0,Com_PCA,272,3,3,0.1925815916902572,0.6944755334508471,0.11294287485889559
Combined_spe,0,Com_PCA,273,3,3,0.21806681283070842,0.6666284576634343,0.11530472950585732
Combined_spe,0,Com_PCA,274,3,3,0.21752954285844325,0.6618388963530764,0.12063156078848007
Combined_spe,0,Com_PCA,275,3,3,0.0245471214630004,0.9690319255178044,0.0064209530191951985
Combined_spe,0,Com_PCA,276,3,3,0.03687405704644865,0.956273801360356,0.0068521415931954086
Combined_spe,0,Com_PCA,277,3,3,0.03847782003006754,0.955509655796795,0.00601252417313752
Combined_spe,0,Com_PCA,278,3,3,0.030337293012919746,0.9632695837278139,0.0063931232592664075
Combined_spe,0,Com_PCA,355,4,4,0.004746801581528101,0.0034547390261842606,0.9917984593922877
Combined_spe,0,Com_PCA,356,4,4,0.0056577286088085,0.0027268593512413896,0.9916154120399501
Combined_spe,0,Com_PCA,357,4,4,0.0029555631508846633,0.003308492683997579,0.9937359441651177
Combined_spe,0,Com_PCA,358,4,4,0.004653136713003027,0.003535000000870546,0.9918118632861262
Combined_spe,0,Com_PCA,359,4,4,0.003585917757856458,0.005763968692108913,0.9906501135500344
Combined_spe,0,Com_PCA,360,4,4,0.017138883058055714,0.015980506497593017,0.9668806104443511
Combined_spe,0,Selecao_interna,0,2,2,0.8917413652649463,0.1051252410692862,0.0031333936657675595
Combined_spe,0,Selecao_interna,1,2,2,0.9421053058860859,0.05413787547077172,0.0037568186431423014
Combined_spe,0,Selecao_interna,2,2,2,0.945504735268821,0.050450666163716504,0.004044598567462348
Combined_spe,0,Selecao_interna,3,2,2,0.9662639091272351,0.03207142158035934,0.0016646692924056855
Combined_spe,0,Selecao_interna,4,2,2,0.974377155103151,0.023066346029721057,0.0025564988671279956
Combined_spe,0,Selecao_interna,5,2,2,0.9965838413638222,0.00030709773077718073,0.003109060905400541
Combined_spe,0,Selecao_interna,6,2,2,0.9971318931695916,5.334398917766045e-05,0.002814762841230732
Combined_spe,0,Selecao_interna,7,2,2,0.9977436234107119,4.8622692800610815e-05,0.0022077538964875194
Combined_spe,0,Selecao_interna,8,2,2,0.9975534729555385,3.1737298399732296e-05,0.002414789746062002
Combined_spe,0,Selecao_interna,9,2,2,0.9980912227280212,2.842196137472006e-05,0.0018803553106040715
Combined_spe,0,Selecao_interna,10,2,2,0.9990601508274015,0.00032188089481001106,0.0006179682777885243
Combined_spe,0,Selecao_interna,11,2,2,0.9989231000422423,0.00024338088453350066,0.0008335190732241748
Combined_spe,0,Selecao_interna,12,2,2,0.9988856053484094,0.00025632770093937673,0.0008580669506511662
Combined_spe,0,Selecao_interna,13,2,2,0.9991023530282335,0.00023080471164168585,0.000666842260124992
Combined_spe,0,Selecao_interna,14,2,2,0.9992551409649849,0.0001650021282089126,0.0005798569068062196
Combined_spe,0,Selecao_interna,15,2,2,0.9996972334345913,2.491200893282044e-05,0.00027785455647588443
Combined_spe,0,Selecao_interna,16,2,2,0.9997357792703712,2.237854627716986e-05,0.00024184218335156245
Combined_spe,0,Selecao_interna,17,2,2,0.9997195540055077,2.892784064282515e-05,0.00025151815384933675
Combined_spe,0,Selecao_interna,18,2,2,0.9997646405200133,2.5708732737255987e-05,0.0002096507472493339
Combined_spe,0,Selecao_interna,19,2,2,0.9997566982777634,1.843487793083404e-05,0.00022486684430570768
Combined_spe,0,Selecao_interna,20,2,2,0.9831394018378471,0.016489232027306202,0.0003713661348468836
Combined_spe,0,Selecao_interna,21,2,2,0.9929565125326538,0.0067703422976261845,0.00027314516971995974
Combined_spe,0,Selecao_interna,22,2,2,0.9906886057793517,0.009095997329367514,0.00021539689128073896
Combined_spe,0,Selecao_interna,23,2,2,0.9865868942182212,0.013098568673869966,0.00031453710790895807
Combined_spe,0,Selecao_interna,24,2,2,0.9846166463234776,0.015017736125144274,0.00036561755137823733
Combined_spe,0,Selecao_interna,25,2,2,0.9993567857928494,0.0003646993695252309,0.0002785148376254787
Combined_spe,0,Selecao_interna,26,2,2,0.9992597376211698,0.000410479342761818,0.00032978303606829884
Combined_spe,0,Selecao_interna,270,3,3,0.452595096045896,0.43367297157796836,0.11373193237613574
Combined_spe,0,Selecao_interna,271,3,3,0.49984950377818305,0.3881662185734585,0.11198427764835833
Combined_spe,0,Selecao_interna,272,3,3,0.3945076914844778,0.4812309925312932,0.12426131598422877
Combined_spe,0,Selecao_interna,273,3,3,0.4277527447904833,0.4473099777338191,0.12493727747569738
Combined_spe,0,Selecao_interna,274,3,3,0.43133454982463176,0.4390022537256224,0.12966319644974594
Combined_spe,0,Selecao_interna,275,3,3,0.05727464272723152,0.9360100864361942,0.0067152708365742515
Combined_spe,0,Selecao_interna,276,3,3,0.07143109101656615,0.9213036408291035,0.0072652681543305
Combined_spe,0,Selecao_interna,277,3,3,0.07315692510230579,0.92048277829587,0.00636029660182443
Combined_spe,0,Selecao_interna,278,3,3,0.06883942542096906,0.9243944355855873,0.006766138993443553
Combined_spe,0,Selecao_interna,355,4,4,0.005242472778389712,0.003607114514660507,0.9911504127069499
Combined_spe,0,Selecao_interna,356,4,4,0.006985750181071794,0.002878577241011316,0.990135672577917
Combined_spe,0,Selecao_interna,357,4,4,0.003837396685494676,0.0035210542249702304,0.9926415490895351
Combined_spe,0,Selecao_interna,358,4,4,0.006037871359304876,0.0037597487103766414,0.9902023799303186
Combined_spe,0,Selecao_interna,359,4,4,0.004935150763355014,0.006253628238897623,0.9888112209977473
Combined_spe,0,Selecao_interna,360,4,4,0.016981848131445543,0.013164481127489367,0.9698536707410651
Combined_spe,1,Sem_PCA,27,2,2,0.9994047181787854,6.531979815944612e-05,0.000529962023055211
Combined_spe,1,Sem_PCA,28,2,2,0.999065318389412,0.0001418835203081118,0.0007927980902799276
Combined_spe,1,Sem_PCA,29,2,2,0.9989519611927639,0.00018150037950752905,0.0008665384277285696
Combined_spe,1,Sem_PCA,30,2,2,0.9986147422282745,0.0010739214177283535,0.0003113363539970513
Combined_spe,1,Sem_PCA,31,2,2,0.998158393269709,0.0016040563236827572,0.00023755040660827572
Combined_spe,1,Sem_PCA,32,2,2,0.9981087564522146,0.0016039116990463407,0.00028733184873887474
Combined_spe,1,Sem_PCA,33,2,2,0.9976855965797756,0.0020030632578665994,0.0003113401623575329
Combined_spe,1,Sem_PCA,34,2,2,0.9976153980665168,0.0020334948032274397,0.00035110713025570864
Combined_spe,1,Sem_PCA,35,2,2,0.997940217228884,0.0014623504072911722,0.0005974323638245795
Combined_spe,1,Sem_PCA,36,2,2,0.994499991770123,0.004378084368766348,0.0011219238611105864
Combined_spe,1,Sem_PCA,37,2,2,0.9981233941855286,0.0011361860806041867,0.0007404197338671585
Combined_spe,1,Sem_PCA,38,2,2,0.996495288669193,0.002475025945363054,0.0010296853854440118
Combined_spe,1,Sem_PCA,39,2,2,0.9985301304480108,0.000827315106040153,0.0006425544459490895
Combined_spe,1,Sem_PCA,40,2,2,0.8205668457034011,0.0009550337564361043,0.1784781205401629
Combined_spe,1,Sem_PCA,41,2,2,0.8296588073382248,0.0010032318910001277,0.16933796077077487
Combined_spe,1,Sem_PCA,42,2,2,0.7918836797520988,0.001061344108707837,0.20705497613919333
Combined_spe,1,Sem_PCA,43,2,2,0.8172629997326668,0.0010440743582900798,0.18169292590904323
Combined_spe,1,Sem_PCA,44,2,2,0.822269049360013,0.0010864491733841438,0.1766445014666031
Combined_spe,1,Sem_PCA,45,2,4,0.49211421617479073,0.003403867127553177,0.5044819166976561
Combined_spe,1,Sem_PCA,46,2,2,0.5883863573585095,0.002785918287837653,0.4088277243536529
Combined_spe,1,Sem_PCA,47,2,4,0.5508759082078973,0.0031097551831734288,0.44601433660892903
Combined_spe,1,Sem_PCA,48,2,4,0.5612575384845293,0.0032036782437865584,0.4355387832716842
Combined_spe,1,Sem_PCA,49,2,4,0.5356871657339969,0.003274697889582905,0.4610381363764204
Combined_spe,1,Sem_PCA,50,2,2,0.9905104226353285,0.0011244933830664822,0.008365083981605053
Combined_spe,1,Sem_PCA,51,2,2,0.9871224642217769,0.002788111891550343,0.010089423886672872
Combined_spe,1,Sem_PCA,52,2,2,0.9895422226432004,0.0013933057459527165,0.009064471610847046
Combined_spe,1,Sem_PCA,53,2,2,0.987755966486283,0.0014617859148729467,0.010782247598844118
Combined_spe,1,Sem_PCA,279,3,3,0.025350772712371808,0.9647360495187889,0.009913177768838873
Combined_spe,1,Sem_PCA,280,3,2,0.9473079227448287,0.039773569723407155,0.012918507531764427
Combined_spe,1,Sem_PCA,281,3,2,0.947780419300169,0.0400860772375016,0.01213350346232963
Combined_spe,1,Sem_PCA,282,3,2,0.9455104948530846,0.040916263438019594,0.013573241708895834
Combined_spe,1,Sem_PCA,283,3,2,0.9470400003865788,0.039855737856308915,0.013104261757112304
Combined_spe,1,Sem_PCA,284,3,2,0.9463983255012013,0.039935674295633466,0.013666000203165354
Combined_spe,1,Sem_PCA,285,3,3,0.0527341486151147,0.9404983538211003,0.006767497563785012
Combined_spe,1,Sem_PCA,286,3,3,0.018372043320520292,0.9737008950362178,0.007927061643262002
Combined_spe,1,Sem_PCA,287,3,3,0.026455861833403663,0.9687658224546855,0.00477831571191088
Combined_spe,1,Sem_PCA,361,4,4,0.03999700527675068,0.008503362303657478,0.9514996324195921
Combined_spe,1,Sem_PCA,362,4,4,0.02439382679903001,0.009090637702555741,0.9665155354984144
Combined_spe,1,Sem_PCA,363,4,4,0.025631367384312327,0.014644524510345033,0.9597241081053427
Combined_spe,1,Sem_PCA,364,4,4,0.016464966004498587,0.00956375654987038,0.9739712774456311
Combined_spe,1,Sem_PCA,365,4,4,0.017383345895158837,0.005112583449690175,0.9775040706551511
Combined_spe,1,Sem_PCA,366,4,4,0.020069152880348745,0.0046519615975940745,0.9752788855220572
Combined_spe,1,Com_PCA,27,2,2,0.9994106298701276,6.268029599807741e-05,0.0005266898338741028
Combined_spe,1,Com_PCA,28,2,2,0.9990701457197037,0.00013732819691173942,0.0007925260833846618
Combined_spe,1,Com_PCA,29,2,2,0.9989564919041372,0.00018158756978049555,0.0008619205260824364
Combined_spe,1,Com_PCA,30,2,2,0.9987060291150588,0.0009814921628372017,0.0003124787221039361
Combined_spe,1,Com_PCA,31,2,2,0.9982497866076608,0.0015116855982317068,0.00023852779410753837
Combined_spe,1,Com_PCA,32,2,2,0.9981568125566738,0.001555211880559568,0.00028797556276673745
Combined_spe,1,Com_PCA,33,2,2,0.9977554886842566,0.0019338103611309266,0.00031070095461245594
Combined_spe,1,Com_PCA,34,2,2,0.9976159260056761,0.0020314239508257485,0.0003526500434981956
Combined_spe,1,Com_PCA,35,2,2,0.9980778777604234,0.0013261775167464989,0.0005959447228298393
Combined_spe,1,Com_PCA,36,2,2,0.9944541580923981,0.00442672517467157,0.0011191167329302307
Combined_spe,1,Com_PCA,37,2,2,0.9981920440963202,0.0010740151973185732,0.0007339407063611104
Combined_spe,1,Com_PCA,38,2,2,0.9963070581978083,0.002675664202133541,0.0010172776000582874
Combined_spe,1,Com_PCA,39,2,2,0.9985042935586929,0.0008693125280437165,0.0006263939132635701
Combined_spe,1,Com_PCA,40,2,2,0.8167309441291014,0.0009188723556287333,0.18235018351526988
Combined_spe,1,Com_PCA,41,2,2,0.8265669891289986,0.0009609474260601865,0.1724720634449412
Combined_spe,1,Com_PCA,42,2,2,0.7865572148840929,0.001027207557277921,0.21241557755862922
Combined_spe,1,Com_PCA,43,2,2,0.8134930296908538,0.001007095100132532,0.18549987520901395
Combined_spe,1,Com_PCA,44,2,2,0.818444424257898,0.0010453908063014232,0.1805101849358007
Combined_spe,1,Com_PCA,45,2,4,0.4829657309187248,0.003379066004787271,0.513655203076488
Combined_spe,1,Com_PCA,46,2,2,0.5803936560717621,0.0027798831095294384,0.4168264608187086
Combined_spe,1,Com_PCA,47,2,4,0.5411291374293214,0.0031061351773917895,0.4557647273932867
Combined_spe,1,Com_PCA,48,2,4,0.5540142686728325,0.003185002479258865,0.44280072884790855
Combined_spe,1,Com_PCA,49,2,4,0.5281042984099231,0.00325485676637653,0.4686408448237003
Combined_spe,1,Com_PCA,50,2,2,0.9905709016781004,0.0011184222536503592,0.008310676068249227
Combined_spe,1,Com_PCA,51,2,2,0.9870441349635564,0.0028139251979982646,0.010141939838445423
Combined_spe,1,Com_PCA,52,2,2,0.9895941916403909,0.0013823956970239382,0.009023412662585406
Combined_spe,1,Com_PCA,53,2,2,0.9877350158740569,0.0014824024014744842,0.010782581724468707
Combined_spe,1,Com_PCA,279,3,3,0.025571058361261126,0.9644715147837949,0.00995742685494406
Combined_spe,1,Com_PCA,280,3,2,0.9510276439136549,0.03961775264999693,0.00935460343634829
Combined_spe,1,Com_PCA,281,3,2,0.9513825656550994,0.03991297699306124,0.008704457351839228
Combined_spe,1,Com_PCA,282,3,2,0.948761029082654,0.04127209132035589,0.00996687959698996
Combined_spe,1,Com_PCA,283,3,2,0.9507621840885854,0.03972646005520255,0.009511355856212083
Combined_spe,1,Com_PCA,284,3,2,0.9500769533236537,0.03993986786674443,0.009983178809601829
Combined_spe,1,Com_PCA,285,3,3,0.054381513745721505,0.9388654350992867,0.006753051154991869
Combined_spe,1,Com_PCA,286,3,3,0.018183792437532414,0.9739176489489663,0.007898558613501127
Combined_spe,1,Com_PCA,287,3,3,0.02816633122293993,0.967054493030431,0.004779175746629037
Combined_spe,1,Com_PCA,361,4,4,0.0404999663241774,0.008738945866856317,0.9507610878089661
Combined_spe,1,Com_PCA,362,4,4,0.024618277761486937,0.009211995058958962,0.9661697271795541
Combined_spe,1,Com_PCA,363,4,4,0.025642172455335375,0.015064114682407434,0.9592937128622573
Combined_spe,1,Com_PCA,364,4,4,0.016367026891243523,0.009654759207867193,0.9739782139008893
Combined_spe,1,Com_PCA,365,4,4,0.017532195113421006,0.005088935135274265,0.9773788697513047
Combined_spe,1,Com_PCA,366,4,4,0.020229428872536436,0.0046374266187430265,0.9751331445087207
Combined_spe,1,Selecao_interna,27,2,2,0.9994047181787854,6.531979815944612e-05,0.000529962023055211
Combined_spe,1,Selecao_interna,28,2,2,0.999065318389412,0.0001418835203081118,0.0007927980902799276
Combined_spe,1,Selecao_interna,29,2,2,0.9989519611927639,0.00018150037950752905,0.0008665384277285696
Combined_spe,1,Selecao_interna,30,2,2,0.9986147422282745,0.0010739214177283535,0.0003113363539970513
Combined_spe,1,Selecao_interna,31,2,2,0.998158393269709,0.0016040563236827572,0.00023755040660827572
Combined_spe,1,Selecao_interna,32,2,2,0.9981087564522146,0.0016039116990463407,0.00028733184873887474
Combined_spe,1,Selecao_interna,33,2,2,0.9976855965797756,0.0020030632578665994,0.0003113401623575329
Combined_spe,1,Selecao_interna,34,2,2,0.9976153980665168,0.0020334948032274397,0.00035110713025570864
Combined_spe,1,Selecao_interna,35,2,2,0.997940217228884,0.0014623504072911722,0.0005974323638245795
Combined_spe,1,Selecao_interna,36,2,2,0.994499991770123,0.004378084368766348,0.0011219238611105864
Combined_spe,1,Selecao_interna,37,2,2,0.9981233941855286,0.0011361860806041867,0.0007404197338671585
Combined_spe,1,Selecao_interna,38,2,2,0.996495288669193,0.002475025945363054,0.0010296853854440118
Combined_spe,1,Selecao_interna,39,2,2,0.9985301304480108,0.000827315106040153,0.0006425544459490895
Combined_spe,1,Selecao_interna,40,2,2,0.8205668457034011,0.0009550337564361043,0.1784781205401629
Combined_spe,1,Selecao_interna,41,2,2,0.8296588073382248,0.0010032318910001277,0.16933796077077487
Combined_spe,1,Selecao_interna,42,2,2,0.7918836797520988,0.001061344108707837,0.20705497613919333
Combined_spe,1,Selecao_interna,43,2,2,0.8172629997326668,0.0010440743582900798,0.18169292590904323
Combined_spe,1,Selecao_interna,44,2,2,0.822269049360013,0.0010864491733841438,0.1766445014666031
Combined_spe,1,Selecao_interna,45,2,4,0.49211421617479073,0.003403867127553177,0.5044819166976561
Combined_spe,1,Selecao_interna,46,2,2,0.5883863573585095,0.002785918287837653,0.4088277243536529
Combined_spe,1,Selecao_interna,47,2,4,0.5508759082078973,0.0031097551831734288,0.44601433660892903
Combined_spe,1,Selecao_interna,48,2,4,0.5612575384845293,0.0032036782437865584,0.4355387832716842
Combined_spe,1,Selecao_interna,49,2,4,0.5356871657339969,0.003274697889582905,0.4610381363764204
Combined_spe,1,Selecao_interna,50,2,2,0.9905104226353285,0.0011244933830664822,0.008365083981605053
Combined_spe,1,Selecao_interna,51,2,2,0.9871224642217769,0.002788111891550343,0.010089423886672872
Combined_spe,1,Selecao_interna,52,2,2,0.9895422226432004,0.0013933057459527165,0.009064471610847046
Combined_spe,1,Selecao_interna,53,2,2,0.987755966486283,0.0014617859148729467,0.010782247598844118
Combined_spe,1,Selecao_interna,279,3,3,0.025350772712371808,0.9647360495187889,0.009913177768838873
Combined_spe,1,Selecao_interna,280,3,2,0.9473079227448287,0.039773569723407155,0.012918507531764427
Combined_spe,1,Selecao_interna,281,3,2,0.947780419300169,0.0400860772375016,0.01213350346232963
Combined_spe,1,Selecao_interna,282,3,2,0.9455104948530846,0.040916263438019594,0.013573241708895834
Combined_spe,1,Selecao_interna,283,3,2,0.9470400003865788,0.039855737856308915,0.013104261757112304
Combined_spe,1,Selecao_interna,284,3,2,0.9463983255012013,0.039935674295633466,0.013666000203165354
Combined_spe,1,Selecao_interna,285,3,3,0.0527341486151147,0.9404983538211003,0.006767497563785012
Combined_spe,1,Selecao_interna,286,3,3,0.018372043320520292,0.9737008950362178,0.007927061643262002
Combined_spe,1,Selecao_interna,287,3,3,0.026455861833403663,0.9687658224546855,0.00477831571191088
Combined_spe,1,Selecao_interna,361,4,4,0.03999700527675068,0.008503362303657478,0.9514996324195921
Combined_spe,1,Selecao_interna,362,4,4,0.02439382679903001,0.009090637702555741,0.9665155354984144
Combined_spe,1,Selecao_interna,363,4,4,0.025631367384312327,0.014644524510345033,0.9597241081053427
Combined_spe,1,Selecao_interna,364,4,4,0.016464966004498587,0.00956375654987038,0.9739712774456311
Combined_spe,1,Selecao_interna,365,4,4,0.017383345895158837,0.005112583449690175,0.9775040706551511
Combined_spe,1,Selecao_interna,366,4,4,0.020069152880348745,0.0046519615975940745,0.9752788855220572
Combined_spe,2,Sem_PCA,54,2,2,0.9902719972553115,0.003083827174252148,0.006644175570436348
Combined_spe,2,Sem_PCA,55,2,2,0.9958990260563707,8.666778033442528e-05,0.004014306163294829
Combined_spe,2,Sem_PCA,56,2,2,0.9942552921443427,0.00016261366011464514,0.005582094195542634
Combined_spe,2,Sem_PCA,57,2,2,0.9947231702782348,0.0002847707367455945,0.004992058985019715
Combined_spe,2,Sem_PCA,58,2,2,0.9927174955018933,0.0003169481590254309,0.0069655563390812894
Combined_spe,2,Sem_PCA,59,2,2,0.9935095578644593,0.00016896768500943086,0.006321474450531085
Combined_spe,2,Sem_PCA,60,2,2,0.9928390917824759,6.930398574819117e-05,0.007091604231775937
Combined_spe,2,Sem_PCA,61,2,2,0.9922644195361705,6.349403100057038e-05,0.00767208643282896
Combined_spe,2,Sem_PCA,62,2,2,0.9905640437820138,6.76191099717945e-05,0.009368337108014518
Combined_spe,2,Sem_PCA,63,2,2,0.991347090203178,8.682447746514538e-05,0.008566085319356967
Combined_spe,2,Sem_PCA,64,2,2,0.994034980506199,7.705778484003433e-05,0.005887961708960948
Combined_spe,2,Sem_PCA,65,2,2,0.9976024943120559,0.0001617599198412507,0.0022357457681028985
Combined_spe,2,Sem_PCA,66,2,2,0.9978786365570762,0.0002680297610937435,0.0018533336818301073
Combined_spe,2,Sem_PCA,67,2,2,0.9977169186695762,0.000163760691168418,0.0021193206392553705
Combined_spe,2,Sem_PCA,68,2,2,0.9983416904592401,0.00011514155513128695,0.0015431679856285382
Combined_spe,2,Sem_PCA,69,2,2,0.998261743999425,0.00012396090368686796,0.0016142950968879338
Combined_spe,2,Sem_PCA,70,2,2,0.9958988947639916,0.002467501968653675,0.0016336032673548375
Combined_spe,2,Sem_PCA,71,2,2,0.9958334325167015,0.0034162198763645446,0.0007503476069340117
Combined_spe,2,Sem_PCA,72,2,2,0.9965546703449031,0.0023907163443973208,0.0010546133106996535
Combined_spe,2,Sem_PCA,73,2,2,0.9957086748164804,0.0030431437665482232,0.001248181416971288
Combined_spe,2,Sem_PCA,74,2,2,0.9957707138261139,0.0025405875924802666,0.0016886985814057178
Combined_spe,2,Sem_PCA,75,2,2,0.9926924720089796,0.0023677547941841084,0.004939773196836324
Combined_spe,2,Sem_PCA,76,2,2,0.990657526698176,0.0023661217431003995,0.006976351558723435
Combined_spe,2,Sem_PCA,77,2,2,0.9932494522111566,0.0019610432670587614,0.0047895045217846615
Combined_spe,2,Sem_PCA,78,2,2,0.993196763790194,0.002033967769529416,0.004769268440276801
Combined_spe,2,Sem_PCA,79,2,2,0.9886856576679998,0.0017951573917721424,0.009519184940228128
Combined_spe,2,Sem_PCA,80,2,2,0.9941218117063431,0.0042820209733557685,0.0015961673203009953
Combined_spe,2,Sem_PCA,288,3,3,0.051782710426408064,0.9433104128549591,0.004906876718633048
Combined_spe,2,Sem_PCA,289,3,3,0.057191374661151186,0.9362749196969733,0.006533705641875859
Combined_spe,2,Sem_PCA,290,3,3,0.11027128068736572,0.8857641059342959,0.003964613378338479
Combined_spe,2,Sem_PCA,291,3,3,0.12849340821399616,0.8684008318189504,0.0031057599670536494
Combined_spe,2,Sem_PCA,292,3,3,0.26655938692266484,0.7279894921371663,0.0054511209401689655
Combined_spe,2,Sem_PCA,293,3,3,0.17482080358254118,0.8188280665573935,0.0063511298600651515
Combined_spe,2,Sem_PCA,294,3,3,0.1717415028596706,0.8229555407863284,0.005302956354001139
Combined_spe,2,Sem_PCA,295,3,3,0.09353139843656978,0.8726891486646895,0.03377945289874072
Combined_spe,2,Sem_PCA,296,3,3,0.08081428279134134,0.8978067004573927,0.02137901675126603
Combined_spe,2,Sem_PCA,367,4,4,0.020701251678579603,0.0045216943708645384,0.9747770539505559
Combined_spe,2,Sem_PCA,368,4,4,0.01877299054813891,0.005323504460472318,0.9759035049913888
Combined_spe,2,Sem_PCA,369,4,4,0.019096524925451715,0.005404431748213286,0.975499043326335
Combined_spe,2,Sem_PCA,370,4,4,0.020889840510320546,0.012985184592530931,0.9661249748971487
Combined_spe,2,Sem_PCA,371,4,4,0.021305639475714414,0.01116581593003071,0.9675285445942547
Combined_spe,2,Sem_PCA,372,4,4,0.01764279659029527,0.010391741499687336,0.9719654619100176
Combined_spe,2,Com_PCA,54,2,2,0.9880305661080608,0.00464043916952742,0.007328994722411648
Combined_spe,2,Com_PCA,55,2,2,0.9953718065076954,0.00017823030507011105,0.004449963187234631
Combined_spe,2,Com_PCA,56,2,2,0.9934959211433338,0.00040634403049403617,0.006097734826172022
Combined_spe,2,Com_PCA,57,2,2,0.993713779480458,0.0008372885288182989,0.005448931990723639
Combined_spe,2,Com_PCA,58,2,2,0.9912715624945047,0.0010659479433122948,0.007662489562183156
Combined_spe,2,Com_PCA,59,2,2,0.9925887538735083,0.0005306174519178315,0.006880628674573623
Combined_spe,2,Com_PCA,60,2,2,0.9925701992100183,0.00016767439613396773,0.0072621263938477155
Combined_spe,2,Com_PCA,61,2,2,0.9919866310757168,0.0001474012918369193,0.00786596763244613
Combined_spe,2,Com_PCA,62,2,2,0.990267900501211,0.0001165896270460709,0.009615509871742877
Combined_spe,2,Com_PCA,63,2,2,0.9910249527285406,0.00016832508312543122,0.008806722188333848
Combined_spe,2,Com_PCA,64,2,2,0.9937665939513022,0.00018162598610705916,0.006051780062590828
Combined_spe,2,Com_PCA,65,2,2,0.9975749687005461,7.456730930917011e-05,0.0023504639901446057
Combined_spe,2,Com_PCA,66,2,2,0.997958700697906,0.00011421064487217755,0.00192708865722201
Combined_spe,2,Com_PCA,67,2,2,0.9976990077639727,8.825417803267985e-05,0.0022127380579947016
Combined_spe,2,Com_PCA,68,2,2,0.9983226833907797,4.916363784531883e-05,0.001628152971375022
Combined_spe,2,Com_PCA,69,2,2,0.9982393400005503,6.773253447135641e-05,0.0016929274649784872
Combined_spe,2,Com_PCA,70,2,2,0.9961206115596988,0.0024126864610905956,0.0014667019792105284
Combined_spe,2,Com_PCA,71,2,2,0.9963453677786556,0.003022485951770204,0.0006321462695741101
Combined_spe,2,Com_PCA,72,2,2,0.9959927381356564,0.0029754967964951964,0.0010317650678484643
Combined_spe,2,Com_PCA,73,2,2,0.9941106742207391,0.0045565792581386735,0.001332746521122378
Combined_spe,2,Com_PCA,74,2,2,0.9949010004515857,0.003450484203560772,0.0016485153448535734
Combined_spe,2,Com_PCA,75,2,2,0.9921369422380755,0.0022024092175769333,0.005660648544347476
Combined_spe,2,Com_PCA,76,2,2,0.9890504414963667,0.002531525178760518,0.008418033324872828
Combined_spe,2,Com_PCA,77,2,2,0.992893611669281,0.0023870807159304575,0.00471930761478844
Combined_spe,2,Com_PCA,78,2,2,0.9926271680883209,0.0023429932145379844,0.005029838697140924
Combined_spe,2,Com_PCA,79,2,2,0.9884521338183861,0.0020359122599583677,0.009511953921655615
Combined_spe,2,Com_PCA,80,2,2,0.9920678531445545,0.0062695206325250824,0.0016626262229203345
Combined_spe,2,Com_PCA,288,3,3,0.020984968468322276,0.9739189756412,0.005096055890477839
Combined_spe,2,Com_PCA,289,3,3,0.027812689080506218,0.9654379731745444,0.006749337744949547
Combined_spe,2,Com_PCA,290,3,3,0.17695645276058655,0.8193073668669669,0.0037361803724463628
Combined_spe,2,Com_PCA,291,3,3,0.19031102540258418,0.8067721838358439,0.0029167907615719074
Combined_spe,2,Com_PCA,292,3,3,0.26584495556720533,0.728671428202312,0.005483616230482637
Combined_spe,2,Com_PCA,293,3,3,0.1269129755844199,0.8663635614729972,0.006723462942582629
Combined_spe,2,Com_PCA,294,3,3,0.33052140737586055,0.6649837686890542,0.004494823935085426
Combined_spe,2,Com_PCA,295,3,3,0.044614180919243636,0.9304829402444622,0.024902878836294474
Combined_spe,2,Com_PCA,296,3,3,0.03319962458783532,0.9532273894715446,0.01357298594061999
Combined_spe,2,Com_PCA,367,4,4,0.02051439139978586,0.004604428713931724,0.9748811798862822
Combined_spe,2,Com_PCA,368,4,4,0.01882001988418348,0.005386418554431941,0.9757935615613844
Combined_spe,2,Com_PCA,369,4,4,0.019114264231961345,0.005495734513634954,0.9753900012544038
Combined_spe,2,Com_PCA,370,4,4,0.021753221667081296,0.01292931554664922,0.9653174627862694
Combined_spe,2,Com_PCA,371,4,4,0.022028359669297358,0.011141764192955777,0.9668298761377468
Combined_spe,2,Com_PCA,372,4,4,0.018818821446640734,0.01037410183918507,0.9708070767141744
Combined_spe,2,Selecao_interna,54,2,2,0.9902719972553115,0.003083827174252148,0.006644175570436348
Combined_spe,2,Selecao_interna,55,2,2,0.9958990260563707,8.666778033442528e-05,0.004014306163294829
Combined_spe,2,Selecao_interna,56,2,2,0.9942552921443427,0.00016261366011464514,0.005582094195542634
Combined_spe,2,Selecao_interna,57,2,2,0.9947231702782348,0.0002847707367455945,0.004992058985019715
Combined_spe,2,Selecao_interna,58,2,2,0.9927174955018933,0.0003169481590254309,0.0069655563390812894
Combined_spe,2,Selecao_interna,59,2,2,0.9935095578644593,0.00016896768500943086,0.006321474450531085
Combined_spe,2,Selecao_interna,60,2,2,0.9928390917824759,6.930398574819117e-05,0.007091604231775937
Combined_spe,2,Selecao_interna,61,2,2,0.9922644195361705,6.349403100057038e-05,0.00767208643282896
Combined_spe,2,Selecao_interna,62,2,2,0.9905640437820138,6.76191099717945e-05,0.009368337108014518
Combined_spe,2,Selecao_interna,63,2,2,0.991347090203178,8.682447746514538e-05,0.008566085319356967
Combined_spe,2,Selecao_interna,64,2,2,0.994034980506199,7.705778484003433e-05,0.005887961708960948
Combined_spe,2,Selecao_interna,65,2,2,0.9976024943120559,0.0001617599198412507,0.0022357457681028985
Combined_spe,2,Selecao_interna,66,2,2,0.9978786365570762,0.0002680297610937435,0.0018533336818301073
Combined_spe,2,Selecao_interna,67,2,2,0.9977169186695762,0.000163760691168418,0.0021193206392553705
Combined_spe,2,Selecao_interna,68,2,2,0.9983416904592401,0.00011514155513128695,0.0015431679856285382
Combined_spe,2,Selecao_interna,69,2,2,0.998261743999425,0.00012396090368686796,0.0016142950968879338
Combined_spe,2,Selecao_interna,70,2,2,0.9958988947639916,0.002467501968653675,0.0016336032673548375
Combined_spe,2,Selecao_interna,71,2,2,0.9958334325167015,0.0034162198763645446,0.0007503476069340117
Combined_spe,2,Selecao_interna,72,2,2,0.9965546703449031,0.0023907163443973208,0.0010546133106996535
Combined_spe,2,Selecao_interna,73,2,2,0.9957086748164804,0.0030431437665482232,0.001248181416971288
Combined_spe,2,Selecao_interna,74,2,2,0.9957707138261139,0.0025405875924802666,0.0016886985814057178
Combined_spe,2,Selecao_interna,75,2,2,0.9926924720089796,0.0023677547941841084,0.004939773196836324
Combined_spe,2,Selecao_interna,76,2,2,0.990657526698176,0.0023661217431003995,0.006976351558723435
Combined_spe,2,Selecao_interna,77,2,2,0.9932494522111566,0.0019610432670587614,0.0047895045217846615
Combined_spe,2,Selecao_interna,78,2,2,0.993196763790194,0.002033967769529416,0.004769268440276801
Combined_spe,2,Selecao_interna,79,2,2,0.9886856576679998,0.0017951573917721424,0.009519184940228128
Combined_spe,2,Selecao_interna,80,2,2,0.9941218117063431,0.0042820209733557685,0.0015961673203009953
Combined_spe,2,Selecao_interna,288,3,3,0.051782710426408064,0.9433104128549591,0.004906876718633048
Combined_spe,2,Selecao_interna,289,3,3,0.057191374661151186,0.9362749196969733,0.006533705641875859
Combined_spe,2,Selecao_interna,290,3,3,0.11027128068736572,0.8857641059342959,0.003964613378338479
Combined_spe,2,Selecao_interna,291,3,3,0.12849340821399616,0.8684008318189504,0.0031057599670536494
Combined_spe,2,Selecao_interna,292,3,3,0.26655938692266484,0.7279894921371663,0.0054511209401689655
Combined_spe,2,Selecao_interna,293,3,3,0.17482080358254118,0.8188280665573935,0.0063511298600651515
Combined_spe,2,Selecao_interna,294,3,3,0.1717415028596706,0.8229555407863284,0.005302956354001139
Combined_spe,2,Selecao_interna,295,3,3,0.09353139843656978,0.8726891486646895,0.03377945289874072
Combined_spe,2,Selecao_interna,296,3,3,0.08081428279134134,0.8978067004573927,0.02137901675126603
Combined_spe,2,Selecao_interna,367,4,4,0.020701251678579603,0.0045216943708645384,0.9747770539505559
Combined_spe,2,Selecao_interna,368,4,4,0.01877299054813891,0.005323504460472318,0.9759035049913888
Combined_spe,2,Selecao_interna,369,4,4,0.019096524925451715,0.005404431748213286,0.975499043326335
Combined_spe,2,Selecao_interna,370,4,4,0.020889840510320546,0.012985184592530931,0.9661249748971487
Combined_spe,2,Selecao_interna,371,4,4,0.021305639475714414,0.01116581593003071,0.9675285445942547
Combined_spe,2,Selecao_interna,372,4,4,0.01764279659029527,0.010391741499687336,0.9719654619100176
Combined_spe,3,Sem_PCA,81,2,2,0.9910945901824318,0.003967532645809451,0.004937877171758538
Combined_spe,3,Sem_PCA,82,2,2,0.9924659565795326,0.0050265084062782765,0.0025075350141890713
Combined_spe,3,Sem_PCA,83,2,2,0.9895870644141196,0.0040748777161020685,0.006338057869778278
Combined_spe,3,Sem_PCA,84,2,2,0.9893977662243163,0.0047236861006488455,0.0058785476750351185
Combined_spe,3,Sem_PCA,85,2,2,0.7182592678288109,0.0059764816804719996,0.27576425049071696
Combined_spe,3,Sem_PCA,86,2,2,0.6811404899245095,0.007344472442317165,0.3115150376331733
Combined_spe,3,Sem_PCA,87,2,2,0.704063565755151,0.007026111437472147,0.28891032280737644
Combined_spe,3,Sem_PCA,88,2,2,0.6948892362073269,0.004970232632628796,0.3001405311600442
Combined_spe,3,Sem_PCA,89,2,2,0.5829660071214605,0.0068633123559704865,0.4101706805225689
Combined_spe,3,Sem_PCA,90,2,2,0.9755999754268071,0.019396994094082846,0.005003030479109922
Combined_spe,3,Sem_PCA,91,2,2,0.9773543125335667,0.01688021113813013,0.005765476328303117
Combined_spe,3,Sem_PCA,92,2,2,0.9778652828113329,0.01743662337234512,0.004698093816321916
Combined_spe,3,Sem_PCA,93,2,2,0.9837010396237522,0.011918619116130303,0.004380341260117298
Combined_spe,3,Sem_PCA,94,2,2,0.9857984524548282,0.009684208719436132,0.00451733882573574
Combined_spe,3,Sem_PCA,95,2,2,0.9839575150653105,0.015139835251648085,0.0009026496830414304
Combined_spe,3,Sem_PCA,96,2,2,0.9935644310572773,0.005681947995643942,0.0007536209470786685
Combined_spe,3,Sem_PCA,97,2,2,0.9951427312819175,0.004287066932386616,0.0005702017856959894
Combined_spe,3,Sem_PCA,98,2,2,0.9943262237102406,0.004882829721813143,0.0007909465679461212
Combined_spe,3,Sem_PCA,99,2,2,0.9973831145165418,0.0020171532788704778,0.000599732204587934
Combined_spe,3,Sem_PCA,100,2,2,0.9906152885607128,0.004727432288012974,0.004657279151274325
Combined_spe,3,Sem_PCA,101,2,2,0.9901023469579826,0.005663126434938024,0.0042345266070792364
Combined_spe,3,Sem_PCA,102,2,2,0.9907443084589309,0.004931215502606626,0.004324476038462597
Combined_spe,3,Sem_PCA,103,2,2,0.9903433394405841,0.005056932807009374,0.004599727752406635
Combined_spe,3,Sem_PCA,104,2,2,0.9906739486656017,0.004702396203132726,0.0046236551312655695
Combined_spe,3,Sem_PCA,105,2,2,0.9941341625151714,0.005291822942643392,0.0005740145421853185
Combined_spe,3,Sem_PCA,106,2,2,0.9939756545870206,0.005308962274186791,0.0007153831387926318
Combined_spe,3,Sem_PCA,107,2,2,0.9958758569796063,0.0035819145895160704,0.0005422284308776975
Combined_spe,3,Sem_PCA,297,3,3,0.01507175850506564,0.9671019430909714,0.017826298403963194
Combined_spe,3,Sem_PCA,298,3,3,0.013374145252041779,0.9593514624967934,0.027274392251164684
Combined_spe,3,Sem_PCA,299,3,3,0.057703691038613746,0.9312069617205335,0.01108934724085273
Combined_spe,3,Sem_PCA,300,3,2,0.9407370733568644,0.04450686374469705,0.014756062898438477
Combined_spe,3,Sem_PCA,301,3,2,0.9426352728023523,0.04156595092996125,0.015798776267686505
Combined_spe,3,Sem_PCA,302,3,2,0.9259949642908353,0.04998351735456469,0.024021518354599935
Combined_spe,3,Sem_PCA,303,3,2,0.9378598377226118,0.035329809440752424,0.026810352836635697
Combined_spe,3,Sem_PCA,304,3,2,0.9162934534603804,0.045905128027449046,0.037801418512170705
Combined_spe,3,Sem_PCA,305,3,3,0.024928293421139388,0.9735159156777854,0.001555790901075326
Combined_spe,3,Sem_PCA,373,4,4,0.00606565744268649,0.0064516499840145715,0.9874826925732988
Combined_spe,3,Sem_PCA,374,4,4,0.011083841953860678,0.006667653803660122,0.982248504242479
Combined_spe,3,Sem_PCA,375,4,4,0.011720880669140241,0.0084437303783918,0.9798353889524681
Combined_spe,3,Sem_PCA,376,4,4,0.012203410805233158,0.010504203720908633,0.9772923854738582
Combined_spe,3,Sem_PCA,377,4,4,0.012105139599890983,0.00920564460087786,0.978689215799231
Combined_spe,3,Sem_PCA,378,4,4,0.010094910029721555,0.008065032253261327,0.9818400577170171
Combined_spe,3,Com_PCA,81,2,2,0.9910739925630067,0.004096611104903305,0.004829396332090007
Combined_spe,3,Com_PCA,82,2,2,0.9923280048478363,0.005231567906389195,0.002440427245774353
Combined_spe,3,Com_PCA,83,2,2,0.9895533200762374,0.004201091693021014,0.006245588230741571
Combined_spe,3,Com_PCA,84,2,2,0.9893859012400937,0.004890399694496283,0.005723699065409856
Combined_spe,3,Com_PCA,85,2,2,0.7169684001439802,0.006404767344125777,0.2766268325118941
Combined_spe,3,Com_PCA,86,2,2,0.6806032980922995,0.0077780632317345656,0.31161863867596573
Combined_spe,3,Com_PCA,87,2,2,0.7050934110108483,0.007453352376337537,0.28745323661281424
Combined_spe,3,Com_PCA,88,2,2,0.6954467582096496,0.005247078262558733,0.2993061635277919
Combined_spe,3,Com_PCA,89,2,2,0.5836904132210008,0.0071869580221634154,0.4091226287568358
Combined_spe,3,Com_PCA,90,2,2,0.9736214610966603,0.021174270848327906,0.005204268055011715
Combined_spe,3,Com_PCA,91,2,2,0.9763516823523121,0.0178292393073429,0.005819078340345044
Combined_spe,3,Com_PCA,92,2,2,0.976306485806026,0.01886775734209047,0.004825756851883515
Combined_spe,3,Com_PCA,93,2,2,0.9824033442837886,0.013107260758958383,0.004489394957253137
Combined_spe,3,Com_PCA,94,2,2,0.9847939164911371,0.010650547120434749,0.004555536388427922
Combined_spe,3,Com_PCA,95,2,2,0.9828163716353795,0.01628925227672519,0.0008943760878952814
Combined_spe,3,Com_PCA,96,2,2,0.9932260216906433,0.006053430947737906,0.000720547361618851
Combined_spe,3,Com_PCA,97,2,2,0.9950786642892855,0.004382703906714788,0.0005386318039999416
Combined_spe,3,Com_PCA,98,2,2,0.9942160960454615,0.005032116197875319,0.0007517877566632005
Combined_spe,3,Com_PCA,99,2,2,0.9974118156319042,0.002026553796002189,0.0005616305720937829
Combined_spe,3,Com_PCA,100,2,2,0.9905014172821784,0.004949346527622272,0.00454923619019926
Combined_spe,3,Com_PCA,101,2,2,0.9896825851049532,0.0061221936227064885,0.004195221272340321
Combined_spe,3,Com_PCA,102,2,2,0.9905176566416438,0.005238792226287308,0.004243551132069036
Combined_spe,3,Com_PCA,103,2,2,0.9901071247960574,0.005368179807358193,0.004524695396584442
Combined_spe,3,Com_PCA,104,2,2,0.990399759904425,0.00505824612052458,0.004541993975050575
Combined_spe,3,Com_PCA,105,2,2,0.9938948617080123,0.005539443248020414,0.0005656950439672316
Combined_spe,3,Com_PCA,106,2,2,0.993780348510287,0.005516909689286875,0.0007027418004262553
Combined_spe,3,Com_PCA,107,2,2,0.995721654378012,0.0037434208251084845,0.0005349247968796405
Combined_spe,3,Com_PCA,297,3,3,0.01486718172160227,0.9676523852504774,0.01748043302792025
Combined_spe,3,Com_PCA,298,3,3,0.01286331868283266,0.9606555020799411,0.026481179237226295
Combined_spe,3,Com_PCA,299,3,3,0.0577508120144047,0.9313777334322737,0.010871454553321697
Combined_spe,3,Com_PCA,300,3,2,0.942685067580299,0.04260265109082166,0.014712281328879325
Combined_spe,3,Com_PCA,301,3,2,0.9441682221551984,0.03999676759019007,0.015835010254611464
Combined_spe,3,Com_PCA,302,3,2,0.9290535870175921,0.047037280011816715,0.023909132970591118
Combined_spe,3,Com_PCA,303,3,2,0.938272575542313,0.03491591788832268,0.026811506569364454
Combined_spe,3,Com_PCA,304,3,2,0.9154863310429497,0.04661939817721946,0.03789427077983094
Combined_spe,3,Com_PCA,305,3,3,0.02612310776426028,0.9723126429005873,0.0015642493351522783
Combined_spe,3,Com_PCA,373,4,4,0.00612049114758979,0.006441403446041991,0.9874381054063682
Combined_spe,3,Com_PCA,374,4,4,0.011156619707311145,0.006646011833436783,0.9821973684592522
Combined_spe,3,Com_PCA,375,4,4,0.011745646825154391,0.008384834226875183,0.9798695189479703
Combined_spe,3,Com_PCA,376,4,4,0.012197864189704258,0.01040774289270582,0.9773943929175903
Combined_spe,3,Com_PCA,377,4,4,0.012214621100664442,0.009192308939998731,0.9785930699593367
Combined_spe,3,Com_PCA,378,4,4,0.010163282634463184,0.008059877070117228,0.9817768402954196
Combined_spe,3,Selecao_interna,81,2,2,0.9910945901824318,0.003967532645809451,0.004937877171758538
Combined_spe,3,Selecao_interna,82,2,2,0.9924659565795326,0.0050265084062782765,0.0025075350141890713
Combined_spe,3,Selecao_interna,83,2,2,0.9895870644141196,0.0040748777161020685,0.006338057869778278
Combined_spe,3,Selecao_interna,84,2,2,0.9893977662243163,0.0047236861006488455,0.0058785476750351185
Combined_spe,3,Selecao_interna,85,2,2,0.7182592678288109,0.0059764816804719996,0.27576425049071696
Combined_spe,3,Selecao_interna,86,2,2,0.6811404899245095,0.007344472442317165,0.3115150376331733
Combined_spe,3,Selecao_interna,87,2,2,0.704063565755151,0.007026111437472147,0.28891032280737644
Combined_spe,3,Selecao_interna,88,2,2,0.6948892362073269,0.004970232632628796,0.3001405311600442
Combined_spe,3,Selecao_interna,89,2,2,0.5829660071214605,0.0068633123559704865,0.4101706805225689
Combined_spe,3,Selecao_interna,90,2,2,0.9755999754268071,0.019396994094082846,0.005003030479109922
Combined_spe,3,Selecao_interna,91,2,2,0.9773543125335667,0.01688021113813013,0.005765476328303117
Combined_spe,3,Selecao_interna,92,2,2,0.9778652828113329,0.01743662337234512,0.004698093816321916
Combined_spe,3,Selecao_interna,93,2,2,0.9837010396237522,0.011918619116130303,0.004380341260117298
Combined_spe,3,Selecao_interna,94,2,2,0.9857984524548282,0.009684208719436132,0.00451733882573574
Combined_spe,3,Selecao_interna,95,2,2,0.9839575150653105,0.015139835251648085,0.0009026496830414304
Combined_spe,3,Selecao_interna,96,2,2,0.9935644310572773,0.005681947995643942,0.0007536209470786685
Combined_spe,3,Selecao_interna,97,2,2,0.9951427312819175,0.004287066932386616,0.0005702017856959894
Combined_spe,3,Selecao_interna,98,2,2,0.9943262237102406,0.004882829721813143,0.0007909465679461212
Combined_spe,3,Selecao_interna,99,2,2,0.9973831145165418,0.0020171532788704778,0.000599732204587934
Combined_spe,3,Selecao_interna,100,2,2,0.9906152885607128,0.004727432288012974,0.004657279151274325
Combined_spe,3,Selecao_interna,101,2,2,0.9901023469579826,0.005663126434938024,0.0042345266070792364
Combined_spe,3,Selecao_interna,102,2,2,0.9907443084589309,0.004931215502606626,0.004324476038462597
Combined_spe,3,Selecao_interna,103,2,2,0.9903433394405841,0.005056932807009374,0.004599727752406635
Combined_spe,3,Selecao_interna,104,2,2,0.9906739486656017,0.004702396203132726,0.0046236551312655695
Combined_spe,3,Selecao_interna,105,2,2,0.9941341625151714,0.005291822942643392,0.0005740145421853185
Combined_spe,3,Selecao_interna,106,2,2,0.9939756545870206,0.005308962274186791,0.0007153831387926318
Combined_spe,3,Selecao_interna,107,2,2,0.9958758569796063,0.0035819145895160704,0.0005422284308776975
Combined_spe,3,Selecao_interna,297,3,3,0.01507175850506564,0.9671019430909714,0.017826298403963194
Combined_spe,3,Selecao_interna,298,3,3,0.013374145252041779,0.9593514624967934,0.027274392251164684
Combined_spe,3,Selecao_interna,299,3,3,0.057703691038613746,0.9312069617205335,0.01108934724085273
Combined_spe,3,Selecao_interna,300,3,2,0.9407370733568644,0.04450686374469705,0.014756062898438477
Combined_spe,3,Selecao_interna,301,3,2,0.9426352728023523,0.04156595092996125,0.015798776267686505
Combined_spe,3,Selecao_interna,302,3,2,0.9259949642908353,0.04998351735456469,0.024021518354599935
Combined_spe,3,Selecao_interna,303,3,2,0.9378598377226118,0.035329809440752424,0.026810352836635697
Combined_spe,3,Selecao_interna,304,3,2,0.9162934534603804,0.045905128027449046,0.037801418512170705
Combined_spe,3,Selecao_interna,305,3,3,0.024928293421139388,0.9735159156777854,0.001555790901075326
Combined_spe,3,Selecao_interna,373,4,4,0.00606565744268649,0.0064516499840145715,0.9874826925732988
Combined_spe,3,Selecao_interna,374,4,4,0.011083841953860678,0.006667653803660122,0.982248504242479
Combined_spe,3,Selecao_interna,375,4,4,0.011720880669140241,0.0084437303783918,0.9798353889524681
Combined_spe,3,Selecao_interna,376,4,4,0.012203410805233158,0.010504203720908633,0.9772923854738582
Combined_spe,3,Selecao_interna,377,4,4,0.012105139599890983,0.00920564460087786,0.978689215799231
Combined_spe,3,Selecao_interna,378,4,4,0.010094910029721555,0.008065032253261327,0.9818400577170171
Combined_spe,4,Sem_PCA,108,2,2,0.9945020424831712,0.004991583957215193,0.0005063735596136928
Combined_spe,4,Sem_PCA,109,2,2,0.994203469008653,0.005307430306990245,0.0004891006843569743
Combined_spe,4,Sem_PCA,110,2,3,0.42392117382524885,0.5677150152236997,0.00836381095105124
Combined_spe,4,Sem_PCA,111,2,3,0.48531257215824103,0.5088989121027283,0.005788515739030438
Combined_spe,4,Sem_PCA,112,2,3,0.4312995857580044,0.5615784479860305,0.007121966255965137
Combined_spe,4,Sem_PCA,113,2,3,0.45914380305282937,0.5343265955408133,0.006529601406357431
Combined_spe,4,Sem_PCA,114,2,3,0.5101896143187641,0.48418778177178745,0.00562260390944837
Combined_spe,4,Sem_PCA,115,2,2,0.8162977664358162,0.18078702374521108,0.0029152098189728294
Combined_spe,4,Sem_PCA,116,2,2,0.8392645346987779,0.15841612673406513,0.002319338567157073
Combined_spe,4,Sem_PCA,117,2,2,0.8497990155537807,0.14749758291537443,0.002703401530844853
Combined_spe,4,Sem_PCA,118,2,2,0.7961371738388663,0.20024929333289299,0.0036135328282406016
Combined_spe,4,Sem_PCA,119,2,2,0.8503268531543543,0.14718914808200895,0.00248399876363672
Combined_spe,4,Sem_PCA,120,2,2,0.9969421802668738,0.002295323044889035,0.0007624966882372233
Combined_spe,4,Sem_PCA,121,2,2,0.9971494475693078,0.001942665317759525,0.0009078871129328293
Combined_spe,4,Sem_PCA,122,2,2,0.9974497525866406,0.0016696319123090798,0.0008806155010503016
Combined_spe,4,Sem_PCA,123,2,2,0.9977807009320415,0.0014050808836388524,0.0008142181843195605
Combined_spe,4,Sem_PCA,124,2,2,0.9980965210315633,0.001114365277029974,0.0007891136914067081
Combined_spe,4,Sem_PCA,125,2,2,0.9649056288907686,0.02754395194465829,0.007550419164573252
Combined_spe,4,Sem_PCA,126,2,2,0.9641164597438113,0.028430330179041598,0.007453210077147074
Combined_spe,4,Sem_PCA,127,2,2,0.800922811153881,0.1870467868045982,0.012030402041520782
Combined_spe,4,Sem_PCA,128,2,2,0.8010912116844524,0.18689095773698616,0.012017830578561763
Combined_spe,4,Sem_PCA,129,2,2,0.8106717881491277,0.17692574514231663,0.01240246670855575
Combined_spe,4,Sem_PCA,130,2,2,0.8679066895452053,0.10729630972943809,0.02479700072535649
Combined_spe,4,Sem_PCA,131,2,2,0.8669475853011595,0.108177905342866,0.024874509355974492
Combined_spe,4,Sem_PCA,132,2,2,0.8672214111480642,0.10821518891692793,0.024563399935007904
Combined_spe,4,Sem_PCA,133,2,2,0.8644570594862634,0.11049931971831234,0.025043620795424562
Combined_spe,4,Sem_PCA,134,2,2,0.8673103553230755,0.10792285370330806,0.024766790973616518
Combined_spe,4,Sem_PCA,306,3,3,0.09767442244375679,0.8958415822042003,0.006483995352042888
Combined_spe,4,Sem_PCA,307,3,3,0.10212553602289721,0.8931323309437346,0.004742133033368269
Combined_spe,4,Sem_PCA,308,3,3,0.09040139938708738,0.9022774605448215,0.007321140068091136
Combined_spe,4,Sem_PCA,309,3,3,0.07771574916080023,0.9160775233640819,0.006206727475117947
Combined_spe,4,Sem_PCA,310,3,2,0.8403883584431471,0.14540697389732585,0.014204667659527107
Combined_spe,4,Sem_PCA,311,3,2,0.8090463773034632,0.17461373867681662,0.016339884019720537
Combined_spe,4,Sem_PCA,312,3,2,0.9883145920866774,0.008848121726778659,0.0028372861865438243
Combined_spe,4,Sem_PCA,313,3,2,0.9913823560734524,0.006249704472389216,0.002367939454158383
Combined_spe,4,Sem_PCA,314,3,2,0.9895179550967126,0.007794225829638641,0.002687819073648936
Combined_spe,4,Sem_PCA,379,4,4,0.02331824157768595,0.010590397344650325,0.9660913610776639
Combined_spe,4,Sem_PCA,380,4,3,0.1949471338835801,0.7965968332914166,0.008456032825003417
Combined_spe,4,Sem_PCA,381,4,3,0.18019862608499432,0.8122917698939023,0.007509604021103151
Combined_spe,4,Sem_PCA,382,4,3,0.18354089071464996,0.8057633059099332,0.010695803375416698
Combined_spe,4,Sem_PCA,383,4,3,0.13411431176516245,0.8557404652293678,0.010145223005469566
Combined_spe,4,Sem_PCA,384,4,3,0.17715407058056643,0.8135052746271092,0.009340654792324288
Combined_spe,4,Com_PCA,108,2,2,0.9944432640038691,0.005046661624858719,0.00051007437127224
Combined_spe,4,Com_PCA,109,2,2,0.9941510242903825,0.005356050925588315,0.0004929247840293512
Combined_spe,4,Com_PCA,110,2,3,0.42426950333956664,0.5675308653362107,0.0081996313242227
Combined_spe,4,Com_PCA,111,2,3,0.48235345852986333,0.5119398594194079,0.005706682050728733
Combined_spe,4,Com_PCA,112,2,3,0.4296186276443043,0.5633544193899357,0.007026952965759823
Combined_spe,4,Com_PCA,113,2,3,0.45574865271662524,0.5378340603001266,0.0064172869832484275
Combined_spe,4,Com_PCA,114,2,3,0.5076541904804803,0.48680939283918656,0.005536416680332959
Combined_spe,4,Com_PCA,115,2,2,0.8097867618985319,0.18730573630044975,0.0029075018010184077
Combined_spe,4,Com_PCA,116,2,2,0.8346846228291338,0.16302949209653175,0.0022858850743345694
Combined_spe,4,Com_PCA,117,2,2,0.8452203685131293,0.15210928894336825,0.0026703425435024714
Combined_spe,4,Com_PCA,118,2,2,0.7885705517019002,0.20782658078212843,0.0036028675159714384
Combined_spe,4,Com_PCA,119,2,2,0.8458681890172783,0.1516900816534734,0.002441729329248111
Combined_spe,4,Com_PCA,120,2,2,0.9970889272840019,0.002187095285263269,0.0007239774307347895
Combined_spe,4,Com_PCA,121,2,2,0.9973368394449614,0.0018054334849221551,0.0008577270701163848
Combined_spe,4,Com_PCA,122,2,2,0.9975902386157728,0.0015728280532866026,0.0008369333309403762
Combined_spe,4,Com_PCA,123,2,2,0.9978929621384993,0.001331362367578282,0.0007756754939223809
Combined_spe,4,Com_PCA,124,2,2,0.9982103947764739,0.0010427667194295954,0.0007468385040964984
Combined_spe,4,Com_PCA,125,2,2,0.9688142169973648,0.024552389448069877,0.0066333935545651234
Combined_spe,4,Com_PCA,126,2,2,0.968020835233235,0.02542875318579397,0.0065504115809710654
Combined_spe,4,Com_PCA,127,2,2,0.7736789414127692,0.21540415778755276,0.010916900799677847
Combined_spe,4,Com_PCA,128,2,2,0.7741390930128692,0.21489700851774757,0.010963898469383232
Combined_spe,4,Com_PCA,129,2,2,0.7874639634747711,0.2011567196347366,0.011379316890492194
Combined_spe,4,Com_PCA,130,2,2,0.828655295853298,0.14448638990924764,0.026858314237454425
Combined_spe,4,Com_PCA,131,2,2,0.8276892306037308,0.1453618965160486,0.026948872880220662
Combined_spe,4,Com_PCA,132,2,2,0.8270577293170681,0.14666506436211593,0.026277206320816315
Combined_spe,4,Com_PCA,133,2,2,0.8261396955286637,0.14679832623132968,0.02706197824000663
Combined_spe,4,Com_PCA,134,2,2,0.8316898218286185,0.1417458405720909,0.02656433759929038
Combined_spe,4,Com_PCA,306,3,3,0.09613388291803572,0.8973454027741308,0.00652071430783364
Combined_spe,4,Com_PCA,307,3,3,0.1013607991314674,0.8938825172899443,0.004756683578588421
Combined_spe,4,Com_PCA,308,3,3,0.08931752738767527,0.9033312830599218,0.007351189552402748
Combined_spe,4,Com_PCA,309,3,3,0.07754930902810839,0.9162334484213797,0.006217242550511981
Combined_spe,4,Com_PCA,310,3,2,0.8404580295516192,0.14573435725260883,0.01380761319577191
Combined_spe,4,Com_PCA,311,3,2,0.8072944096673105,0.1767176035333705,0.015987986799319117
Combined_spe,4,Com_PCA,312,3,2,0.9916814087621504,0.006293516076694306,0.002025075161155204
Combined_spe,4,Com_PCA,313,3,2,0.9940810816647594,0.004286079440862329,0.0016328388943782843
Combined_spe,4,Com_PCA,314,3,2,0.9926267172078919,0.0054665343388356396,0.0019067484532725575
Combined_spe,4,Com_PCA,379,4,4,0.023523866538244138,0.010621257098418772,0.965854876363337
Combined_spe,4,Com_PCA,380,4,3,0.1881391189459707,0.8035883500207242,0.00827253103330537
Combined_spe,4,Com_PCA,381,4,3,0.1725899678566747,0.8200812938971385,0.007328738246186593
Combined_spe,4,Com_PCA,382,4,3,0.17480265005835605,0.8146918519853467,0.010505497956297296
Combined_spe,4,Com_PCA,383,4,3,0.12614953767076797,0.8639414857447001,0.00990897658453172
Combined_spe,4,Com_PCA,384,4,3,0.16893693011600683,0.821938260272481,0.009124809611512016
Combined_spe,4,Selecao_interna,108,2,2,0.9945020424831712,0.004991583957215193,0.0005063735596136928
Combined_spe,4,Selecao_interna,109,2,2,0.994203469008653,0.005307430306990245,0.0004891006843569743
Combined_spe,4,Selecao_interna,110,2,3,0.42392117382524885,0.5677150152236997,0.00836381095105124
Combined_spe,4,Selecao_interna,111,2,3,0.48531257215824103,0.5088989121027283,0.005788515739030438
Combined_spe,4,Selecao_interna,112,2,3,0.4312995857580044,0.5615784479860305,0.007121966255965137
Combined_spe,4,Selecao_interna,113,2,3,0.45914380305282937,0.5343265955408133,0.006529601406357431
Combined_spe,4,Selecao_interna,114,2,3,0.5101896143187641,0.48418778177178745,0.00562260390944837
Combined_spe,4,Selecao_interna,115,2,2,0.8162977664358162,0.18078702374521108,0.0029152098189728294
Combined_spe,4,Selecao_interna,116,2,2,0.8392645346987779,0.15841612673406513,0.002319338567157073
Combined_spe,4,Selecao_interna,117,2,2,0.8497990155537807,0.14749758291537443,0.002703401530844853
Combined_spe,4,Selecao_interna,118,2,2,0.7961371738388663,0.20024929333289299,0.0036135328282406016
Combined_spe,4,Selecao_interna,119,2,2,0.8503268531543543,0.14718914808200895,0.00248399876363672
Combined_spe,4,Selecao_interna,120,2,2,0.9969421802668738,0.002295323044889035,0.0007624966882372233
Combined_spe,4,Selecao_interna,121,2,2,0.9971494475693078,0.001942665317759525,0.0009078871129328293
Combined_spe,4,Selecao_interna,122,2,2,0.9974497525866406,0.0016696319123090798,0.0008806155010503016
Combined_spe,4,Selecao_interna,123,2,2,0.9977807009320415,0.0014050808836388524,0.0008142181843195605
Combined_spe,4,Selecao_interna,124,2,2,0.9980965210315633,0.001114365277029974,0.0007891136914067081
Combined_spe,4,Selecao_interna,125,2,2,0.9649056288907686,0.02754395194465829,0.007550419164573252
Combined_spe,4,Selecao_interna,126,2,2,0.9641164597438113,0.028430330179041598,0.007453210077147074
Combined_spe,4,Selecao_interna,127,2,2,0.800922811153881,0.1870467868045982,0.012030402041520782
Combined_spe,4,Selecao_interna,128,2,2,0.8010912116844524,0.18689095773698616,0.012017830578561763
Combined_spe,4,Selecao_interna,129,2,2,0.8106717881491277,0.17692574514231663,0.01240246670855575
Combined_spe,4,Selecao_interna,130,2,2,0.8679066895452053,0.10729630972943809,0.02479700072535649
Combined_spe,4,Selecao_interna,131,2,2,0.8669475853011595,0.108177905342866,0.024874509355974492
Combined_spe,4,Selecao_interna,132,2,2,0.8672214111480642,0.10821518891692793,0.024563399935007904
Combined_spe,4,Selecao_interna,133,2,2,0.8644570594862634,0.11049931971831234,0.025043620795424562
Combined_spe,4,Selecao_interna,134,2,2,0.8673103553230755,0.10792285370330806,0.024766790973616518
Combined_spe,4,Selecao_interna,306,3,3,0.09767442244375679,0.8958415822042003,0.006483995352042888
Combined_spe,4,Selecao_interna,307,3,3,0.10212553602289721,0.8931323309437346,0.004742133033368269
Combined_spe,4,Selecao_interna,308,3,3,0.09040139938708738,0.9022774605448215,0.007321140068091136
Combined_spe,4,Selecao_interna,309,3,3,0.07771574916080023,0.9160775233640819,0.006206727475117947
Combined_spe,4,Selecao_interna,310,3,2,0.8403883584431471,0.14540697389732585,0.014204667659527107
Combined_spe,4,Selecao_interna,311,3,2,0.8090463773034632,0.17461373867681662,0.016339884019720537
Combined_spe,4,Selecao_interna,312,3,2,0.9883145920866774,0.008848121726778659,0.0028372861865438243
Combined_spe,4,Selecao_interna,313,3,2,0.9913823560734524,0.006249704472389216,0.002367939454158383
Combined_spe,4,Selecao_interna,314,3,2,0.9895179550967126,0.007794225829638641,0.002687819073648936
Combined_spe,4,Selecao_interna,379,4,4,0.02331824157768595,0.010590397344650325,0.9660913610776639
Combined_spe,4,Selecao_interna,380,4,3,0.1949471338835801,0.7965968332914166,0.008456032825003417
Combined_spe,4,Selecao_interna,381,4,3,0.18019862608499432,0.8122917698939023,0.007509604021103151
Combined_spe,4,Selecao_interna,382,4,3,0.18354089071464996,0.8057633059099332,0.010695803375416698
Combined_spe,4,Selecao_interna,383,4,3,0.13411431176516245,0.8557404652293678,0.010145223005469566
Combined_spe,4,Selecao_interna,384,4,3,0.17715407058056643,0.8135052746271092,0.009340654792324288
Combined_spe,5,Sem_PCA,135,2,2,0.8515026607425612,0.08135960067634615,0.0671377385810925
Combined_spe,5,Sem_PCA,136,2,2,0.8653897825107374,0.06691458664562534,0.06769563084363714
Combined_spe,5,Sem_PCA,137,2,2,0.9093256565283445,0.030268184470985737,0.06040615900066965
Combined_spe,5,Sem_PCA,138,2,2,0.9002729071855403,0.03265883794482278,0.06706825486963726
Combined_spe,5,Sem_PCA,139,2,2,0.8483732616636586,0.09101073201664966,0.06061600631969182
Combined_spe,5,Sem_PCA,140,2,3,0.4057407589015167,0.5594378465857329,0.034821394512750355
Combined_spe,5,Sem_PCA,141,2,3,0.4272742337840717,0.5378956886254583,0.03483007759046999
Combined_spe,5,Sem_PCA,142,2,3,0.43520311698660796,0.5304031058836779,0.034393777129714316
Combined_spe,5,Sem_PCA,143,2,2,0.4595880928653306,0.5066016802787761,0.03381022685589341
Combined_spe,5,Sem_PCA,144,2,3,0.44987352321463453,0.5164416085576629,0.03368486822770279
Combined_spe,5,Sem_PCA,145,2,3,0.09067725881019043,0.8544719861623874,0.054850755027422086
Combined_spe,5,Sem_PCA,146,2,3,0.09776835469338487,0.8548825726503623,0.04734907265625308
Combined_spe,5,Sem_PCA,147,2,3,0.09642151246297218,0.841857921284666,0.06172056625236187
Combined_spe,5,Sem_PCA,148,2,3,0.12456600123902517,0.7999976138667363,0.07543638489423844
Combined_spe,5,Sem_PCA,149,2,3,0.10550391418131588,0.813614840888041,0.08088124493064278
Combined_spe,5,Sem_PCA,150,2,2,0.46380578511886644,0.44856929799449147,0.08762491688664231
Combined_spe,5,Sem_PCA,151,2,3,0.024459321166843226,0.9547715760551294,0.02076910277802752
Combined_spe,5,Sem_PCA,152,2,3,0.03179164974099367,0.9467845217826569,0.021423828476349466
Combined_spe,5,Sem_PCA,153,2,3,0.028496182630022484,0.9480884482730836,0.02341536909689381
Combined_spe,5,Sem_PCA,154,2,3,0.032215389811742726,0.9453654847978149,0.022419125390442066
Combined_spe,5,Sem_PCA,155,2,3,3.7980689385972047e-06,0.9991747937051672,0.0008214082258944232
Combined_spe,5,Sem_PCA,156,2,3,0.009742239535288962,0.9892574582705009,0.0010003021942103108
Combined_spe,5,Sem_PCA,157,2,3,0.002617363680329276,0.995994233309381,0.0013884030102896867
Combined_spe,5,Sem_PCA,158,2,3,0.002484779298883695,0.9963211447830991,0.0011940759180171956
Combined_spe,5,Sem_PCA,159,2,3,0.003985091918820567,0.9946829155939981,0.001331992487181277
Combined_spe,5,Sem_PCA,160,2,2,0.9829397603915699,0.013299435337409331,0.003760804271020682
Combined_spe,5,Sem_PCA,161,2,2,0.9852612462207632,0.01070587442421864,0.004032879355018413
Combined_spe,5,Sem_PCA,315,3,3,0.4127674901385583,0.5589541846489512,0.02827832521249042
Combined_spe,5,Sem_PCA,316,3,3,0.4030459856884307,0.5686779769816699,0.028276037329899216
Combined_spe,5,Sem_PCA,317,3,3,0.403868969958025,0.5680382953542971,0.02809273468767811
Combined_spe,5,Sem_PCA,318,3,3,0.4183649122293775,0.5530092232892165,0.028625864481405895
Combined_spe,5,Sem_PCA,319,3,3,0.4063262478956517,0.5654446589927815,0.028229093111566947
Combined_spe,5,Sem_PCA,320,3,3,0.010315722812006989,0.9830203641975573,0.006663912990435698
Combined_spe,5,Sem_PCA,321,3,3,0.009971077857483732,0.9834822169563865,0.006546705186129774
Combined_spe,5,Sem_PCA,322,3,3,0.012923290626378404,0.9800193626322875,0.007057346741334098
Combined_spe,5,Sem_PCA,385,4,3,0.1413384874761144,0.8372465572640775,0.021414955259808268
Combined_spe,5,Sem_PCA,386,4,3,0.1273506575416308,0.8522314771734798,0.02041786528488951
Combined_spe,5,Sem_PCA,387,4,3,0.1212489637833074,0.8584628448002394,0.02028819141645327
Combined_spe,5,Sem_PCA,388,4,3,0.1423131187818014,0.8366563696663311,0.02103051155186756
Combined_spe,5,Sem_PCA,389,4,3,0.1520207271634034,0.8262676980975385,0.021711574739058187
Combined_spe,5,Sem_PCA,390,4,4,0.026245539098130606,0.010910473491994845,0.9628439874098745
Combined_spe,5,Com_PCA,135,2,2,0.8668174830188601,0.06816824682922434,0.06501427015191551
Combined_spe,5,Com_PCA,136,2,2,0.8785126627598709,0.05569264269288547,0.06579469454724343
Combined_spe,5,Com_PCA,137,2,2,0.9181439778421703,0.022894823281103194,0.05896119887672675
Combined_spe,5,Com_PCA,138,2,2,0.90957791165858,0.023438539630473876,0.0669835487109462
Combined_spe,5,Com_PCA,139,2,2,0.8744812307807523,0.06766239612026723,0.05785637309898044
Combined_spe,5,Com_PCA,140,2,3,0.3642451975870478,0.6008325872013665,0.03492221521158578
Combined_spe,5,Com_PCA,141,2,3,0.3869104437806334,0.5779522075419494,0.03513734867741724
Combined_spe,5,Com_PCA,142,2,3,0.39658031568795316,0.5688355561853907,0.034584128126655955
Combined_spe,5,Com_PCA,143,2,3,0.426461612099168,0.5396795540257916,0.03385883387504049
Combined_spe,5,Com_PCA,144,2,3,0.41425792029331887,0.5521373491796068,0.033604730527074196
Combined_spe,5,Com_PCA,145,2,3,0.08547906748562902,0.8594910094597616,0.055029923054609325
Combined_spe,5,Com_PCA,146,2,3,0.09206891077852916,0.8606984203263659,0.047232668895105155
Combined_spe,5,Com_PCA,147,2,3,0.09117916505657538,0.8464674041467162,0.06235343079670822
Combined_spe,5,Com_PCA,148,2,3,0.11932585548027075,0.8037834023886091,0.07689074213112014
Combined_spe,5,Com_PCA,149,2,3,0.10006078489842835,0.8173490398412964,0.08259017526027533
Combined_spe,5,Com_PCA,150,2,2,0.4371086166028256,0.45064593135632763,0.11224545204084659
Combined_spe,5,Com_PCA,151,2,3,0.011884467505675329,0.971084505779328,0.017031026714996445
Combined_spe,5,Com_PCA,152,2,3,0.015416490822760667,0.967094686210149,0.017488822967090315
Combined_spe,5,Com_PCA,153,2,3,0.013999439830619367,0.966355895521022,0.019644664648358883
Combined_spe,5,Com_PCA,154,2,3,0.015975360706455197,0.9654605210815835,0.018564118211961397
Combined_spe,5,Com_PCA,155,2,3,3.5436581054739205e-06,0.9991803342753628,0.0008161220665317103
Combined_spe,5,Com_PCA,156,2,3,0.008912787127471565,0.9900962197007819,0.0009909931717467836
Combined_spe,5,Com_PCA,157,2,3,0.0023083233001634615,0.9963090233156837,0.0013826533841525793
Combined_spe,5,Com_PCA,158,2,3,0.002217957446717513,0.9965867424167094,0.0011953001365730667
Combined_spe,5,Com_PCA,159,2,3,0.0037872179651192756,0.9948870221817866,0.0013257598530940844
Combined_spe,5,Com_PCA,160,2,2,0.9831145983979296,0.013113819945633896,0.0037715816564364573
Combined_spe,5,Com_PCA,161,2,2,0.985202611571423,0.010758601436601178,0.004038786991975731
Combined_spe,5,Com_PCA,315,3,3,0.3320125696844172,0.6440834787521195,0.02390395156346355
Combined_spe,5,Com_PCA,316,3,3,0.3132583711587065,0.6627104493192306,0.024031179522062778
Combined_spe,5,Com_PCA,317,3,3,0.3152627297226659,0.6609803965848678,0.023756873692466127
Combined_spe,5,Com_PCA,318,3,3,0.34001115081527944,0.6355335978445503,0.02445525134017025
Combined_spe,5,Com_PCA,319,3,3,0.32441085046055523,0.6516513438342475,0.023937805705197563
Combined_spe,5,Com_PCA,320,3,3,0.01039204532454179,0.982925958664743,0.006681996010715113
Combined_spe,5,Com_PCA,321,3,3,0.009998549424116623,0.9834433337698992,0.006558116805984116
Combined_spe,5,Com_PCA,322,3,3,0.013012715261229891,0.979922487890719,0.007064796848051099
Combined_spe,5,Com_PCA,385,4,3,0.08452139571304465,0.8985063399073834,0.01697226437957216
Combined_spe,5,Com_PCA,386,4,3,0.07780488812024267,0.9058872872688792,0.01630782461087814
Combined_spe,5,Com_PCA,387,4,3,0.07279127538857416,0.9110830911721349,0.0161256334392908
Combined_spe,5,Com_PCA,388,4,3,0.08794024620142382,0.8952425347426664,0.01681721905590964
Combined_spe,5,Com_PCA,389,4,3,0.09258110927691576,0.8901462572177196,0.017272633505364704
Combined_spe,5,Com_PCA,390,4,4,0.026698700941397098,0.010880912612980092,0.9624203864456228
Combined_spe,5,Selecao_interna,135,2,2,0.8515026607425612,0.08135960067634615,0.0671377385810925
Combined_spe,5,Selecao_interna,136,2,2,0.8653897825107374,0.06691458664562534,0.06769563084363714
Combined_spe,5,Selecao_interna,137,2,2,0.9093256565283445,0.030268184470985737,0.06040615900066965
Combined_spe,5,Selecao_interna,138,2,2,0.9002729071855403,0.03265883794482278,0.06706825486963726
Combined_spe,5,Selecao_interna,139,2,2,0.8483732616636586,0.09101073201664966,0.06061600631969182
Combined_spe,5,Selecao_interna,140,2,3,0.4057407589015167,0.5594378465857329,0.034821394512750355
Combined_spe,5,Selecao_interna,141,2,3,0.4272742337840717,0.5378956886254583,0.03483007759046999
Combined_spe,5,Selecao_interna,142,2,3,0.43520311698660796,0.5304031058836779,0.034393777129714316
Combined_spe,5,Selecao_interna,143,2,2,0.4595880928653306,0.5066016802787761,0.03381022685589341
Combined_spe,5,Selecao_interna,144,2,3,0.44987352321463453,0.5164416085576629,0.03368486822770279
Combined_spe,5,Selecao_interna,145,2,3,0.09067725881019043,0.8544719861623874,0.054850755027422086
Combined_spe,5,Selecao_interna,146,2,3,0.09776835469338487,0.8548825726503623,0.04734907265625308
Combined_spe,5,Selecao_interna,147,2,3,0.09642151246297218,0.841857921284666,0.06172056625236187
Combined_spe,5,Selecao_interna,148,2,3,0.12456600123902517,0.7999976138667363,0.07543638489423844
Combined_spe,5,Selecao_interna,149,2,3,0.10550391418131588,0.813614840888041,0.08088124493064278
Combined_spe,5,Selecao_interna,150,2,2,0.46380578511886644,0.44856929799449147,0.08762491688664231
Combined_spe,5,Selecao_interna,151,2,3,0.024459321166843226,0.9547715760551294,0.02076910277802752
Combined_spe,5,Selecao_interna,152,2,3,0.03179164974099367,0.9467845217826569,0.021423828476349466
Combined_spe,5,Selecao_interna,153,2,3,0.028496182630022484,0.9480884482730836,0.02341536909689381
Combined_spe,5,Selecao_interna,154,2,3,0.032215389811742726,0.9453654847978149,0.022419125390442066
Combined_spe,5,Selecao_interna,155,2,3,3.7980689385972047e-06,0.9991747937051672,0.0008214082258944232
Combined_spe,5,Selecao_interna,156,2,3,0.009742239535288962,0.9892574582705009,0.0010003021942103108
Combined_spe,5,Selecao_interna,157,2,3,0.002617363680329276,0.995994233309381,0.0013884030102896867
Combined_spe,5,Selecao_interna,158,2,3,0.002484779298883695,0.9963211447830991,0.0011940759180171956
Combined_spe,5,Selecao_interna,159,2,3,0.003985091918820567,0.9946829155939981,0.001331992487181277
Combined_spe,5,Selecao_interna,160,2,2,0.9829397603915699,0.013299435337409331,0.003760804271020682
Combined_spe,5,Selecao_interna,161,2,2,0.9852612462207632,0.01070587442421864,0.004032879355018413
Combined_spe,5,Selecao_interna,315,3,3,0.4127674901385583,0.5589541846489512,0.02827832521249042
Combined_spe,5,Selecao_interna,316,3,3,0.4030459856884307,0.5686779769816699,0.028276037329899216
Combined_spe,5,Selecao_interna,317,3,3,0.403868969958025,0.5680382953542971,0.02809273468767811
Combined_spe,5,Selecao_interna,318,3,3,0.4183649122293775,0.5530092232892165,0.028625864481405895
Combined_spe,5,Selecao_interna,319,3,3,0.4063262478956517,0.5654446589927815,0.028229093111566947
Combined_spe,5,Selecao_interna,320,3,3,0.010315722812006989,0.9830203641975573,0.006663912990435698
Combined_spe,5,Selecao_interna,321,3,3,0.009971077857483732,0.9834822169563865,0.006546705186129774
Combined_spe,5,Selecao_interna,322,3,3,0.012923290626378404,0.9800193626322875,0.007057346741334098
Combined_spe,5,Selecao_interna,385,4,3,0.1413384874761144,0.8372465572640775,0.021414955259808268
Combined_spe,5,Selecao_interna,386,4,3,0.1273506575416308,0.8522314771734798,0.02041786528488951
Combined_spe,5,Selecao_interna,387,4,3,0.1212489637833074,0.8584628448002394,0.02028819141645327
Combined_spe,5,Selecao_interna,388,4,3,0.1423131187818014,0.8366563696663311,0.02103051155186756
Combined_spe,5,Selecao_interna,389,4,3,0.1520207271634034,0.8262676980975385,0.021711574739058187
Combined_spe,5,Selecao_interna,390,4,4,0.026245539098130606,0.010910473491994845,0.9628439874098745
Combined_spe,6,Sem_PCA,162,2,2,0.9873215889674767,0.004445564014993096,0.008232847017530093
Combined_spe,6,Sem_PCA,163,2,2,0.9795343587474181,0.00941393374914397,0.011051707503437778
Combined_spe,6,Sem_PCA,164,2,2,0.9767901562831575,0.013038765959227556,0.010171077757614923
Combined_spe,6,Sem_PCA,165,2,2,0.9442884013186282,0.01957579372714524,0.03613580495422649
Combined_spe,6,Sem_PCA,166,2,2,0.8957898280822283,0.03501017443995069,0.069199997477821
Combined_spe,6,Sem_PCA,167,2,2,0.9164722630921638,0.024107487573020836,0.05942024933481521
Combined_spe,6,Sem_PCA,168,2,2,0.9513518768078442,0.013246959841799171,0.035401163350356576
Combined_spe,6,Sem_PCA,169,2,2,0.9383408941352397,0.015225380869246054,0.046433724995514264
Combined_spe,6,Sem_PCA,170,2,2,0.9926997851803545,0.00043482706829422747,0.006865387751351228
Combined_spe,6,Sem_PCA,171,2,2,0.9934948798091751,0.00018399498200399482,0.006321125208820952
Combined_spe,6,Sem_PCA,172,2,2,0.9944059004146478,0.00022078892829289657,0.00537331065705934
Combined_spe,6,Sem_PCA,173,2,2,0.9946421664329146,0.0003618262345037256,0.00499600733258143
Combined_spe,6,Sem_PCA,174,2,2,0.9944633220472484,0.0004611413772404049,0.005075536575510862
Combined_spe,6,Sem_PCA,175,2,2,0.8775879609536127,0.10571573411820355,0.01669630492818393
Combined_spe,6,Sem_PCA,176,2,2,0.6952860352718251,0.2738473398612413,0.030866624866933843
Combined_spe,6,Sem_PCA,177,2,2,0.892796046701474,0.09207794323265443,0.015126010065871366
Combined_spe,6,Sem_PCA,178,2,2,0.8664193972808043,0.11645748272491359,0.01712311999428203
Combined_spe,6,Sem_PCA,179,2,2,0.9241312156819467,0.0614676074215351,0.014401176896518396
Combined_spe,6,Sem_PCA,180,2,3,0.27239215120867577,0.6952792282431927,0.03232862054813181
Combined_spe,6,Sem_PCA,181,2,3,0.1748166435086283,0.7829768852538871,0.04220647123748488
Combined_spe,6,Sem_PCA,182,2,3,0.44698497882478583,0.5249745584840899,0.028040462691124476
Combined_spe,6,Sem_PCA,183,2,2,0.5267949027340719,0.45333913018590466,0.019865967080023295
Combined_spe,6,Sem_PCA,184,2,3,0.463302967796774,0.5168357609135967,0.01986127128962942
Combined_spe,6,Sem_PCA,185,2,2,0.9745709734327517,0.013571594251564357,0.011857432315684062
Combined_spe,6,Sem_PCA,186,2,2,0.9811369091542035,0.00856460810666396,0.010298482739132371
Combined_spe,6,Sem_PCA,187,2,2,0.9361837102524224,0.04168242453237156,0.022133865215206033
Combined_spe,6,Sem_PCA,188,2,2,0.9698256033161307,0.012201037412863788,0.01797335927100559
Combined_spe,6,Sem_PCA,323,3,3,0.010978506719254457,0.9778279337607787,0.011193559519966945
Combined_spe,6,Sem_PCA,324,3,3,0.011883099255957064,0.9759401983545177,0.012176702389525264
Combined_spe,6,Sem_PCA,325,3,3,0.19710639147300527,0.4328472381661287,0.3700463703608659
Combined_spe,6,Sem_PCA,326,3,3,0.2288674407493864,0.3965081190756023,0.374624440175011
Combined_spe,6,Sem_PCA,327,3,3,0.23549829538671382,0.3797682948051161,0.38473340980816995
Combined_spe,6,Sem_PCA,328,3,3,0.24266887891290467,0.383929350456368,0.3734017706307271
Combined_spe,6,Sem_PCA,329,3,3,0.23894739733765377,0.385345065002591,0.37570753765975534
Combined_spe,6,Sem_PCA,330,3,3,0.014158554864821633,0.9769015772492624,0.008939867885915958
Combined_spe,6,Sem_PCA,391,4,4,0.024296535587145535,0.027907138038128217,0.9477963263747262
Combined_spe,6,Sem_PCA,392,4,4,0.03112915554623965,0.022807054656640815,0.9460637897971197
Combined_spe,6,Sem_PCA,393,4,4,0.032440473835942285,0.03091200419917511,0.9366475219648828
Combined_spe,6,Sem_PCA,394,4,4,0.04907065550971002,0.03216403687434573,0.9187653076159443
Combined_spe,6,Sem_PCA,395,4,4,0.024996180768572344,0.007516154062504067,0.9674876651689235
Combined_spe,6,Sem_PCA,396,4,4,0.021248950613351445,0.009300277935923055,0.9694507714507254
Combined_spe,6,Com_PCA,162,2,2,0.988762773209504,0.00328455454673978,0.007952672243755933
Combined_spe,6,Com_PCA,163,2,2,0.983953251448781,0.0054735794770675635,0.0105731690741516
Combined_spe,6,Com_PCA,164,2,2,0.9842411295253737,0.006329330541262254,0.009429539933364062
Combined_spe,6,Com_PCA,165,2,2,0.9051250895020962,0.05581295349930862,0.03906195699859523
Combined_spe,6,Com_PCA,166,2,2,0.8682440346478221,0.05908092620245427,0.0726750391497236
Combined_spe,6,Com_PCA,167,2,2,0.8987443042492103,0.039544397995052286,0.06171129775573746
Combined_spe,6,Com_PCA,168,2,2,0.9294059230972881,0.03316091226910774,0.037433164633604105
Combined_spe,6,Com_PCA,169,2,2,0.9209496120489417,0.030352042969859362,0.04869834498119902
Combined_spe,6,Com_PCA,170,2,2,0.9914810620737847,0.001597727024017999,0.006921210902197492
Combined_spe,6,Com_PCA,171,2,2,0.9930833919917588,0.0006010720784599326,0.00631553592978133
Combined_spe,6,Com_PCA,172,2,2,0.9939298974500926,0.0006802924007573875,0.00538981014914999
Combined_spe,6,Com_PCA,173,2,2,0.9943508297109694,0.0007215887691980177,0.004927581519832614
Combined_spe,6,Com_PCA,174,2,2,0.9943117616992558,0.0006327907676957139,0.0050554475330482655
Combined_spe,6,Com_PCA,175,2,2,0.8283910347104524,0.15068851232849984,0.02092045296104757
Combined_spe,6,Com_PCA,176,2,3,0.7059172356914565,0.26392439444248905,0.03015836986605442
Combined_spe,6,Com_PCA,177,2,2,0.8499474646365768,0.1312101750679683,0.018842360295455038
Combined_spe,6,Com_PCA,178,2,2,0.8102996011656629,0.1678444897848173,0.021855909049519794
Combined_spe,6,Com_PCA,179,2,2,0.8964078095373134,0.08666780811049836,0.016924382352188315
Combined_spe,6,Com_PCA,180,2,2,0.7220039055847989,0.26189733191104336,0.016098762504157718
Combined_spe,6,Com_PCA,181,2,3,0.7020710838975751,0.2775168981701038,0.0204120179323211
Combined_spe,6,Com_PCA,182,2,2,0.8727078351972298,0.11658889855130314,0.01070326625146723
Combined_spe,6,Com_PCA,183,2,2,0.9208369180520815,0.07267169023745187,0.006491391710466987
Combined_spe,6,Com_PCA,184,2,2,0.9303443403688688,0.06453431889458563,0.005121340736545401
Combined_spe,6,Com_PCA,185,2,2,0.9830003953017065,0.006722677049097871,0.010276927649195819
Combined_spe,6,Com_PCA,186,2,2,0.9877877066305694,0.003089931125062163,0.009122362244368664
Combined_spe,6,Com_PCA,187,2,2,0.9621059371695364,0.020191828542305605,0.01770223428815774
Combined_spe,6,Com_PCA,188,2,2,0.9740319245736969,0.00819102349387511,0.017777051932427942
Combined_spe,6,Com_PCA,323,3,3,0.03788771868386176,0.9505013476873012,0.01161093362883713
Combined_spe,6,Com_PCA,324,3,3,0.03779679844704016,0.949682048617706,0.012521152935253735
Combined_spe,6,Com_PCA,325,3,3,0.23475091190322447,0.34788339937610174,0.4173656887206737
Combined_spe,6,Com_PCA,326,3,4,0.26368889836192283,0.3090081352448794,0.4273029663931975
Combined_spe,6,Com_PCA,327,3,4,0.26294132082393884,0.2932814497557743,0.44377722942028697
Combined_spe,6,Com_PCA,328,3,4,0.27371509746253564,0.2978746459146413,0.42841025662282306
Combined_spe,6,Com_PCA,329,3,4,0.26845050920797336,0.3014632095687797,0.43008628122324705
Combined_spe,6,Com_PCA,330,3,3,0.04821009944805573,0.9429727443703584,0.008817156181586062
Combined_spe,6,Com_PCA,391,4,4,0.029036644663158362,0.019471288147868693,0.9514920671889728
Combined_spe,6,Com_PCA,392,4,4,0.03636657291896025,0.012715957853509664,0.9509174692275302
Combined_spe,6,Com_PCA,393,4,4,0.04140595196388264,0.019439238268033024,0.9391548097680844
Combined_spe,6,Com_PCA,394,4,4,0.05233513177759035,0.01724231222059183,0.9304225560018179
Combined_spe,6,Com_PCA,395,4,4,0.023891785230085654,0.0075717883992336725,0.9685364263706806
Combined_spe,6,Com_PCA,396,4,4,0.020633786372478213,0.009357496061547907,0.9700087175659738
Combined_spe,6,Selecao_interna,162,2,2,0.988762773209504,0.00328455454673978,0.007952672243755933
Combined_spe,6,Selecao_interna,163,2,2,0.983953251448781,0.0054735794770675635,0.0105731690741516
Combined_spe,6,Selecao_interna,164,2,2,0.9842411295253737,0.006329330541262254,0.009429539933364062
Combined_spe,6,Selecao_interna,165,2,2,0.9051250895020962,0.05581295349930862,0.03906195699859523
Combined_spe,6,Selecao_interna,166,2,2,0.8682440346478221,0.05908092620245427,0.0726750391497236
Combined_spe,6,Selecao_interna,167,2,2,0.8987443042492103,0.039544397995052286,0.06171129775573746
Combined_spe,6,Selecao_interna,168,2,2,0.9294059230972881,0.03316091226910774,0.037433164633604105
Combined_spe,6,Selecao_interna,169,2,2,0.9209496120489417,0.030352042969859362,0.04869834498119902
Combined_spe,6,Selecao_interna,170,2,2,0.9914810620737847,0.001597727024017999,0.006921210902197492
Combined_spe,6,Selecao_interna,171,2,2,0.9930833919917588,0.0006010720784599326,0.00631553592978133
Combined_spe,6,Selecao_interna,172,2,2,0.9939298974500926,0.0006802924007573875,0.00538981014914999
Combined_spe,6,Selecao_interna,173,2,2,0.9943508297109694,0.0007215887691980177,0.004927581519832614
Combined_spe,6,Selecao_interna,174,2,2,0.9943117616992558,0.0006327907676957139,0.0050554475330482655
Combined_spe,6,Selecao_interna,175,2,2,0.8283910347104524,0.15068851232849984,0.02092045296104757
Combined_spe,6,Selecao_interna,176,2,3,0.7059172356914565,0.26392439444248905,0.03015836986605442
Combined_spe,6,Selecao_interna,177,2,2,0.8499474646365768,0.1312101750679683,0.018842360295455038
Combined_spe,6,Selecao_interna,178,2,2,0.8102996011656629,0.1678444897848173,0.021855909049519794
Combined_spe,6,Selecao_interna,179,2,2,0.8964078095373134,0.08666780811049836,0.016924382352188315
Combined_spe,6,Selecao_interna,180,2,2,0.7220039055847989,0.26189733191104336,0.016098762504157718
Combined_spe,6,Selecao_interna,181,2,3,0.7020710838975751,0.2775168981701038,0.0204120179323211
Combined_spe,6,Selecao_interna,182,2,2,0.8727078351972298,0.11658889855130314,0.01070326625146723
Combined_spe,6,Selecao_interna,183,2,2,0.9208369180520815,0.07267169023745187,0.006491391710466987
Combined_spe,6,Selecao_interna,184,2,2,0.9303443403688688,0.06453431889458563,0.005121340736545401
Combined_spe,6,Selecao_interna,185,2,2,0.9830003953017065,0.006722677049097871,0.010276927649195819
Combined_spe,6,Selecao_interna,186,2,2,0.9877877066305694,0.003089931125062163,0.009122362244368664
Combined_spe,6,Selecao_interna,187,2,2,0.9621059371695364,0.020191828542305605,0.01770223428815774
Combined_spe,6,Selecao_interna,188,2,2,0.9740319245736969,0.00819102349387511,0.017777051932427942
Combined_spe,6,Selecao_interna,323,3,3,0.03788771868386176,0.9505013476873012,0.01161093362883713
Combined_spe,6,Selecao_interna,324,3,3,0.03779679844704016,0.949682048617706,0.012521152935253735
Combined_spe,6,Selecao_interna,325,3,3,0.23475091190322447,0.34788339937610174,0.4173656887206737
Combined_spe,6,Selecao_interna,326,3,4,0.26368889836192283,0.3090081352448794,0.4273029663931975
Combined_spe,6,Selecao_interna,327,3,4,0.26294132082393884,0.2932814497557743,0.44377722942028697
Combined_spe,6,Selecao_interna,328,3,4,0.27371509746253564,0.2978746459146413,0.42841025662282306
Combined_spe,6,Selecao_interna,329,3,4,0.26845050920797336,0.3014632095687797,0.43008628122324705
Combined_spe,6,Selecao_interna,330,3,3,0.04821009944805573,0.9429727443703584,0.008817156181586062
Combined_spe,6,Selecao_interna,391,4,4,0.029036644663158362,0.019471288147868693,0.9514920671889728
Combined_spe,6,Selecao_interna,392,4,4,0.03636657291896025,0.012715957853509664,0.9509174692275302
Combined_spe,6,Selecao_interna,393,4,4,0.04140595196388264,0.019439238268033024,0.9391548097680844
Combined_spe,6,Selecao_interna,394,4,4,0.05233513177759035,0.01724231222059183,0.9304225560018179
Combined_spe,6,Selecao_interna,395,4,4,0.023891785230085654,0.0075717883992336725,0.9685364263706806
Combined_spe,6,Selecao_interna,396,4,4,0.020633786372478213,0.009357496061547907,0.9700087175659738
Combined_spe,7,Sem_PCA,189,2,2,0.9919360517964424,0.005974418231344799,0.002089529972212789
Combined_spe,7,Sem_PCA,190,2,2,0.9727917540543063,0.02720786306619186,3.828795019334967e-07
Combined_spe,7,Sem_PCA,191,2,2,0.9967845052521345,0.0032149629172820403,5.318305836132625e-07
Combined_spe,7,Sem_PCA,192,2,2,0.9905258465630231,0.009473835756133728,3.176808429832318e-07
Combined_spe,7,Sem_PCA,193,2,2,0.9860243241779494,0.013974836499918574,8.393221320780449e-07
Combined_spe,7,Sem_PCA,194,2,2,0.995732878977716,0.004266798009922909,3.230123611266818e-07
Combined_spe,7,Sem_PCA,195,2,2,0.9978637072449774,0.0020328177962816826,0.00010347495874093185
Combined_spe,7,Sem_PCA,196,2,2,0.9919731497098351,0.007701170650422355,0.0003256796397425645
Combined_spe,7,Sem_PCA,197,2,2,0.9912937514369405,0.00800326921953258,0.0007029793435269568
Combined_spe,7,Sem_PCA,198,2,2,0.9987957503537803,0.0008726597902273456,0.00033158985599234756
Combined_spe,7,Sem_PCA,199,2,2,0.992407370354718,0.006641207820771474,0.0009514218245105648
Combined_spe,7,Sem_PCA,200,2,2,0.994233431231978,0.005764451345643832,2.1174223781672686e-06
Combined_spe,7,Sem_PCA,201,2,2,0.9980329446221241,0.0019660674675048965,9.879103709942585e-07
Combined_spe,7,Sem_PCA,202,2,2,0.9990387189767739,0.0009610272125091774,2.538107169791882e-07
Combined_spe,7,Sem_PCA,203,2,2,0.9998590087817482,0.00014070719487611745,2.8402337560442867e-07
Combined_spe,7,Sem_PCA,204,2,2,0.9991489591918403,0.0008508277088229865,2.130993366493825e-07
Combined_spe,7,Sem_PCA,205,2,2,0.9998413894312402,0.00015233536934583958,6.275199413846448e-06
Combined_spe,7,Sem_PCA,206,2,2,0.9997933498014848,0.0001608377913949063,4.581240712015282e-05
Combined_spe,7,Sem_PCA,207,2,2,0.9996346543134643,0.00032001551895925116,4.533016757643632e-05
Combined_spe,7,Sem_PCA,208,2,2,0.999412900965966,0.0005528048233883481,3.429421064573673e-05
Combined_spe,7,Sem_PCA,209,2,2,0.9998505120898145,0.00013802676853961378,1.1461141645782823e-05
Combined_spe,7,Sem_PCA,210,2,2,0.9994154695422445,0.0005845059478286388,2.4509926766582792e-08
Combined_spe,7,Sem_PCA,211,2,2,0.9976921033172549,0.002307855734468607,4.094827652874718e-08
Combined_spe,7,Sem_PCA,212,2,2,0.9985170992330441,0.0014828657795266183,3.498742930327013e-08
Combined_spe,7,Sem_PCA,213,2,2,0.9996791112741424,0.00032087622939749806,1.249646007765433e-08
Combined_spe,7,Sem_PCA,214,2,2,0.9988438197740449,0.0011559557642840993,2.2446167079599938e-07
Combined_spe,7,Sem_PCA,215,2,2,0.9977089515002993,0.002290029774000308,1.0187257003901323e-06
Combined_spe,7,Sem_PCA,331,3,3,0.0673787632009651,0.9325002872739793,0.00012094952505566057
Combined_spe,7,Sem_PCA,332,3,3,0.0375225656295615,0.9624178892758698,5.9545094568654e-05
Combined_spe,7,Sem_PCA,333,3,3,0.004077791476550741,0.9959021325479558,2.0075975493343736e-05
Combined_spe,7,Sem_PCA,334,3,3,0.010828653253071677,0.9891060326251876,6.531412174061706e-05
Combined_spe,7,Sem_PCA,335,3,3,0.06971731551146017,0.9204531985554748,0.009829485933064977
Combined_spe,7,Sem_PCA,336,3,3,0.1646313104672903,0.8162660074136264,0.019102682119083298
Combined_spe,7,Sem_PCA,337,3,3,0.16609560418474206,0.8338061612852052,9.823453005259514e-05
Combined_spe,7,Sem_PCA,338,3,3,0.1617677184825786,0.8381454694657802,8.681205164117553e-05
Combined_spe,7,Sem_PCA,397,4,4,6.974233566827991e-05,2.725164506874517e-07,0.999929985147881
Combined_spe,7,Sem_PCA,398,4,4,0.00025965204667518637,1.029854763380154e-07,0.9997402449678485
Combined_spe,7,Sem_PCA,399,4,4,3.695160564829971e-05,1.3033392039237558e-07,0.9999629180604314
Combined_spe,7,Sem_PCA,400,4,4,2.6471731529816558e-08,9.013201231540905e-05,0.999909841515953
Combined_spe,7,Sem_PCA,401,4,4,2.0615680730411325e-08,2.3442894199236826e-05,0.9999765364901201
Combined_spe,7,Sem_PCA,402,4,4,1.0069596758996143e-07,1.647478470816475e-05,0.9999834245193242
Combined_spe,7,Com_PCA,189,2,2,0.9815335082387514,0.010932316959199433,0.0075341748020491955
Combined_spe,7,Com_PCA,190,2,2,0.9902840535589353,0.009280305935633096,0.0004356405054316297
Combined_spe,7,Com_PCA,191,2,2,0.9937577385559655,0.005527480021719306,0.0007147814223151626
Combined_spe,7,Com_PCA,192,2,2,0.9918076335441139,0.007631625301378486,0.0005607411545074735
Combined_spe,7,Com_PCA,193,2,2,0.988683781179374,0.010684026853256017,0.0006321919673698776
Combined_spe,7,Com_PCA,194,2,2,0.989939349714641,0.00954206869275501,0.0005185815926038564
Combined_spe,7,Com_PCA,195,2,2,0.995417503762532,0.0023708430148027745,0.0022116532226654226
Combined_spe,7,Com_PCA,196,2,2,0.994887154597526,0.0020516463545601957,0.003061199047913856
Combined_spe,7,Com_PCA,197,2,2,0.991945010344363,0.0030586486348429974,0.004996341020794173
Combined_spe,7,Com_PCA,198,2,2,0.9939927136144671,0.0013860137470974923,0.004621272638435585
Combined_spe,7,Com_PCA,199,2,2,0.9923696945088247,0.0024654394728609304,0.005164866018314368
Combined_spe,7,Com_PCA,200,2,2,0.9925386508471735,0.005372841818252097,0.0020885073345743937
Combined_spe,7,Com_PCA,201,2,2,0.9945570590226,0.0030828978286058647,0.00236004314879434
Combined_spe,7,Com_PCA,202,2,2,0.9959329619428231,0.0022781671626659486,0.001788870894510969
Combined_spe,7,Com_PCA,203,2,2,0.9959881866268449,0.0015499677524659107,0.0024618456206893253
Combined_spe,7,Com_PCA,204,2,2,0.9968229430956401,0.0016287650907838454,0.0015482918135757812
Combined_spe,7,Com_PCA,205,2,2,0.9976504391866952,0.001303764687440881,0.001045796125863974
Combined_spe,7,Com_PCA,206,2,2,0.9947280078359899,0.0032397932389138535,0.0020321989250962893
Combined_spe,7,Com_PCA,207,2,2,0.9942577614184861,0.0038375322111603638,0.0019047063703534774
Combined_spe,7,Com_PCA,208,2,2,0.9945157261761852,0.0038558741589958985,0.0016283996648188631
Combined_spe,7,Com_PCA,209,2,2,0.996426351643276,0.0023201763840614924,0.0012534719726624846
Combined_spe,7,Com_PCA,210,2,2,0.9976500119883541,0.0013579513521660648,0.0009920366594799257
Combined_spe,7,Com_PCA,211,2,2,0.9971012753664928,0.0017549909805582695,0.001143733652948835
Combined_spe,7,Com_PCA,212,2,2,0.9972906740148314,0.0019188874483005724,0.0007904385368679689
Combined_spe,7,Com_PCA,213,2,2,0.9981650074520031,0.001125605696726295,0.0007093868512706691
Combined_spe,7,Com_PCA,214,2,2,0.9973551963368349,0.0016406537593028384,0.001004149903862502
Combined_spe,7,Com_PCA,215,2,2,0.9907832371407702,0.008767290472163085,0.0004494723870667147
Combined_spe,7,Com_PCA,331,3,3,0.02251640763780521,0.9676742367439188,0.009809355618276096
Combined_spe,7,Com_PCA,332,3,3,0.020798640743753132,0.9708114122666389,0.008389946989607804
Combined_spe,7,Com_PCA,333,3,3,0.011366107461312508,0.9794774828905747,0.009156409648112703
Combined_spe,7,Com_PCA,334,3,3,0.011391072307572154,0.9793896253942811,0.009219302298146666
Combined_spe,7,Com_PCA,335,3,3,0.4052364265098058,0.5842635839886182,0.010499989501575725
Combined_spe,7,Com_PCA,336,3,2,0.4848611606094966,0.5048318610058309,0.010306978384672615
Combined_spe,7,Com_PCA,337,3,3,0.06467199523957494,0.929545627237958,0.005782377522467271
Combined_spe,7,Com_PCA,338,3,3,0.0709935475771298,0.9236470011060296,0.005359451316840725
Combined_spe,7,Com_PCA,397,4,4,0.020991720389237144,0.010514037442744286,0.9684942421680184
Combined_spe,7,Com_PCA,398,4,4,0.029470339635353,0.01032010344776009,0.9602095569168871
Combined_spe,7,Com_PCA,399,4,4,0.024933882768941883,0.009711179220963434,0.9653549380100946
Combined_spe,7,Com_PCA,400,4,4,0.009720590184760557,0.01071664432453727,0.9795627654907021
Combined_spe,7,Com_PCA,401,4,4,0.006383585635107901,0.010685319687157224,0.9829310946777349
Combined_spe,7,Com_PCA,402,4,4,0.005681760212425148,0.011271208822581268,0.9830470309649936
Combined_spe,7,Selecao_interna,189,2,2,0.9919360517964424,0.005974418231344799,0.002089529972212789
Combined_spe,7,Selecao_interna,190,2,2,0.9727917540543063,0.02720786306619186,3.828795019334967e-07
Combined_spe,7,Selecao_interna,191,2,2,0.9967845052521345,0.0032149629172820403,5.318305836132625e-07
Combined_spe,7,Selecao_interna,192,2,2,0.9905258465630231,0.009473835756133728,3.176808429832318e-07
Combined_spe,7,Selecao_interna,193,2,2,0.9860243241779494,0.013974836499918574,8.393221320780449e-07
Combined_spe,7,Selecao_interna,194,2,2,0.995732878977716,0.004266798009922909,3.230123611266818e-07
Combined_spe,7,Selecao_interna,195,2,2,0.9978637072449774,0.0020328177962816826,0.00010347495874093185
Combined_spe,7,Selecao_interna,196,2,2,0.9919731497098351,0.007701170650422355,0.0003256796397425645
Combined_spe,7,Selecao_interna,197,2,2,0.9912937514369405,0.00800326921953258,0.0007029793435269568
Combined_spe,7,Selecao_interna,198,2,2,0.9987957503537803,0.0008726597902273456,0.00033158985599234756
Combined_spe,7,Selecao_interna,199,2,2,0.992407370354718,0.006641207820771474,0.0009514218245105648
Combined_spe,7,Selecao_interna,200,2,2,0.994233431231978,0.005764451345643832,2.1174223781672686e-06
Combined_spe,7,Selecao_interna,201,2,2,0.9980329446221241,0.0019660674675048965,9.879103709942585e-07
Combined_spe,7,Selecao_interna,202,2,2,0.9990387189767739,0.0009610272125091774,2.538107169791882e-07
Combined_spe,7,Selecao_interna,203,2,2,0.9998590087817482,0.00014070719487611745,2.8402337560442867e-07
Combined_spe,7,Selecao_interna,204,2,2,0.9991489591918403,0.0008508277088229865,2.130993366493825e-07
Combined_spe,7,Selecao_interna,205,2,2,0.9998413894312402,0.00015233536934583958,6.275199413846448e-06
Combined_spe,7,Selecao_interna,206,2,2,0.9997933498014848,0.0001608377913949063,4.581240712015282e-05
Combined_spe,7,Selecao_interna,207,2,2,0.9996346543134643,0.00032001551895925116,4.533016757643632e-05
Combined_spe,7,Selecao_interna,208,2,2,0.999412900965966,0.0005528048233883481,3.429421064573673e-05
Combined_spe,7,Selecao_interna,209,2,2,0.9998505120898145,0.00013802676853961378,1.1461141645782823e-05
Combined_spe,7,Selecao_interna,210,2,2,0.9994154695422445,0.0005845059478286388,2.4509926766582792e-08
Combined_spe,7,Selecao_interna,211,2,2,0.9976921033172549,0.002307855734468607,4.094827652874718e-08
Combined_spe,7,Selecao_interna,212,2,2,0.9985170992330441,0.0014828657795266183,3.498742930327013e-08
Combined_spe,7,Selecao_interna,213,2,2,0.9996791112741424,0.00032087622939749806,1.249646007765433e-08
Combined_spe,7,Selecao_interna,214,2,2,0.9988438197740449,0.0011559557642840993,2.2446167079599938e-07
Combined_spe,7,Selecao_interna,215,2,2,0.9977089515002993,0.002290029774000308,1.0187257003901323e-06
Combined_spe,7,Selecao_interna,331,3,3,0.0673787632009651,0.9325002872739793,0.00012094952505566057
Combined_spe,7,Selecao_interna,332,3,3,0.0375225656295615,0.9624178892758698,5.9545094568654e-05
Combined_spe,7,Selecao_interna,333,3,3,0.004077791476550741,0.9959021325479558,2.0075975493343736e-05
Combined_spe,7,Selecao_interna,334,3,3,0.010828653253071677,0.9891060326251876,6.531412174061706e-05
Combined_spe,7,Selecao_interna,335,3,3,0.06971731551146017,0.9204531985554748,0.009829485933064977
Combined_spe,7,Selecao_interna,336,3,3,0.1646313104672903,0.8162660074136264,0.019102682119083298
Combined_spe,7,Selecao_interna,337,3,3,0.16609560418474206,0.8338061612852052,9.823453005259514e-05
Combined_spe,7,Selecao_interna,338,3,3,0.1617677184825786,0.8381454694657802,8.681205164117553e-05
Combined_spe,7,Selecao_interna,397,4,4,6.974233566827991e-05,2.725164506874517e-07,0.999929985147881
Combined_spe,7,Selecao_interna,398,4,4,0.00025965204667518637,1.029854763380154e-07,0.9997402449678485
Combined_spe,7,Selecao_interna,399,4,4,3.695160564829971e-05,1.3033392039237558e-07,0.9999629180604314
Combined_spe,7,Selecao_interna,400,4,4,2.6471731529816558e-08,9.013201231540905e-05,0.999909841515953
Combined_spe,7,Selecao_interna,401,4,4,2.0615680730411325e-08,2.3442894199236826e-05,0.9999765364901201
Combined_spe,7,Selecao_interna,402,4,4,1.0069596758996143e-07,1.647478470816475e-05,0.9999834245193242
Combined_spe,8,Sem_PCA,216,2,2,0.9998786559059656,0.00011994442223330893,1.3996718010687418e-06
Combined_spe,8,Sem_PCA,217,2,2,0.9997722392647151,0.00022620199495923323,1.558740325660871e-06
Combined_spe,8,Sem_PCA,218,2,2,0.9989107448758087,0.0010834005381890244,5.854586002486796e-06
Combined_spe,8,Sem_PCA,219,2,2,0.9999608451179497,3.875472140096431e-05,4.001606493488272e-07
Combined_spe,8,Sem_PCA,220,2,2,0.8788438534716203,0.030916124327451198,0.09024002220092846
Combined_spe,8,Sem_PCA,221,2,2,0.7934492941742506,0.02004946686952503,0.1865012389562244
Combined_spe,8,Sem_PCA,222,2,2,0.8134045265118006,0.023182330385945638,0.16341314310225366
Combined_spe,8,Sem_PCA,223,2,2,0.8064678048654788,0.009800600775700994,0.1837315943588203
Combined_spe,8,Sem_PCA,224,2,2,0.6556623204806237,0.022048407042335946,0.3222892724770404
Combined_spe,8,Sem_PCA,225,2,3,0.055234617823483614,0.7556915660000265,0.1890738161764899
Combined_spe,8,Sem_PCA,226,2,3,0.18037999197330212,0.5911943258444605,0.22842568218223733
Combined_spe,8,Sem_PCA,227,2,3,0.10361505528008437,0.4664321392073615,0.42995280551255416
Combined_spe,8,Sem_PCA,228,2,4,0.2797480499464175,0.3551282535910146,0.3651236964625678
Combined_spe,8,Sem_PCA,229,2,3,0.12091026712327228,0.4509940058968705,0.42809572697985726
Combined_spe,8,Sem_PCA,230,2,2,0.9999981498701167,1.6118432204385325e-06,2.382866630220831e-07
Combined_spe,8,Sem_PCA,231,2,2,0.9999997147950045,2.1056114019840697e-07,7.464385528392357e-08
Combined_spe,8,Sem_PCA,232,2,2,0.9999986271430041,1.0256169425356162e-06,3.472400533008396e-07
Combined_spe,8,Sem_PCA,233,2,2,0.999999946166396,4.349059580093245e-08,1.0343008142439197e-08
Combined_spe,8,Sem_PCA,234,2,2,0.9999989387103897,8.983067655757361e-07,1.6298284473752944e-07
Combined_spe,8,Sem_PCA,235,2,2,0.9987889781802912,0.0012088969516178259,2.12486809099818e-06
Combined_spe,8,Sem_PCA,236,2,2,0.9986736124237274,0.0013230428245530092,3.3447517195070395e-06
Combined_spe,8,Sem_PCA,237,2,2,0.9967618239034464,0.0032363285710550957,1.847525498601917e-06
Combined_spe,8,Sem_PCA,238,2,2,0.9998597830562824,0.0001397148368776595,5.021068398760613e-07
Combined_spe,8,Sem_PCA,239,2,2,0.9996582583691842,0.00033936754580195607,2.3740850138431137e-06
Combined_spe,8,Sem_PCA,240,2,3,0.0005362970717092732,0.9994546540610876,9.048867202984162e-06
Combined_spe,8,Sem_PCA,241,2,3,0.005567586695129269,0.9943551455675247,7.72677373460218e-05
Combined_spe,8,Sem_PCA,242,2,3,0.2267472409383578,0.7675912872409961,0.005661471820645928
Combined_spe,8,Sem_PCA,339,3,3,0.00828278292788393,0.991704389385651,1.2827686465023639e-05
Combined_spe,8,Sem_PCA,340,3,3,0.28802058971512606,0.7115616047517499,0.0004178055331240144
Combined_spe,8,Sem_PCA,341,3,3,0.05343843024040035,0.9463170004899458,0.0002445692696537712
Combined_spe,8,Sem_PCA,342,3,3,0.15977381630280404,0.8399423294268571,0.0002838542703386807
Combined_spe,8,Sem_PCA,343,3,3,0.23107524922131054,0.76829389447299,0.0006308563056995495
Combined_spe,8,Sem_PCA,344,3,3,0.30798132217412993,0.6914179406053046,0.0006007372205656468
Combined_spe,8,Sem_PCA,345,3,3,0.0008432402714616746,0.9989529642888872,0.00020379543965109577
Combined_spe,8,Sem_PCA,346,3,3,0.0026066454968074744,0.9970518805126853,0.0003414739905073151
Combined_spe,8,Sem_PCA,403,4,4,2.7003108043435805e-08,8.138157004424063e-06,0.9999918348398874
Combined_spe,8,Sem_PCA,404,4,4,3.943320016021548e-09,9.68555484199048e-06,0.9999903105018378
Combined_spe,8,Sem_PCA,405,4,4,0.04582983351200307,0.0006819555544834078,0.9534882109335135
Combined_spe,8,Sem_PCA,406,4,4,0.11500199809033018,8.140087813133975e-05,0.8849166010315385
Combined_spe,8,Sem_PCA,407,4,4,0.046194625991309884,7.691416486051005e-06,0.9537976825922041
Combined_spe,8,Sem_PCA,408,4,4,0.029252295282216716,6.727075199020795e-07,0.9707470320102632
Combined_spe,8,Com_PCA,216,2,2,0.9853238043840061,0.012506431634034297,0.0021697639819595
Combined_spe,8,Com_PCA,217,2,2,0.9848003592294347,0.01327073424668789,0.0019289065238774264
Combined_spe,8,Com_PCA,218,2,2,0.97749906359831,0.020018594610265825,0.002482341791424181
Combined_spe,8,Com_PCA,219,2,2,0.9880957481409086,0.010281842048519311,0.0016224098105724063
Combined_spe,8,Com_PCA,220,2,2,0.8262928632772392,0.058500058631073854,0.11520707809168702
Combined_spe,8,Com_PCA,221,2,2,0.7644610973801303,0.07124300671728957,0.16429589590257998
Combined_spe,8,Com_PCA,222,2,2,0.7755846527706456,0.06845185033408918,0.15596349689526515
Combined_spe,8,Com_PCA,223,2,2,0.7446590293754747,0.0728749444094154,0.1824660262151097
Combined_spe,8,Com_PCA,224,2,2,0.7330078648780867,0.07166343792729606,0.19532869719461696
Combined_spe,8,Com_PCA,225,2,4,0.34394510593530253,0.16865742566469777,0.4873974683999994
Combined_spe,8,Com_PCA,226,2,4,0.3461825494523564,0.16132498948083943,0.4924924610668042
Combined_spe,8,Com_PCA,227,2,4,0.2992292943948712,0.1780781394870262,0.5226925661181024
Combined_spe,8,Com_PCA,228,2,4,0.32742508423434136,0.14995848397370665,0.5226164317919518
Combined_spe,8,Com_PCA,229,2,4,0.3114202163899077,0.17855708610694784,0.5100226975031444
Combined_spe,8,Com_PCA,230,2,2,0.9990398349976524,0.00027267481886318677,0.0006874901834844524
Combined_spe,8,Com_PCA,231,2,2,0.9992034881632214,0.00021626804388625442,0.0005802437928922966
Combined_spe,8,Com_PCA,232,2,2,0.9991105168103823,0.0002584313380712473,0.0006310518515463928
Combined_spe,8,Com_PCA,233,2,2,0.9991202614064105,0.00035294341330480736,0.0005267951802845628
Combined_spe,8,Com_PCA,234,2,2,0.9990650986833931,0.00026129270496769164,0.0006736086116391027
Combined_spe,8,Com_PCA,235,2,2,0.9935783207516856,0.00548280778217959,0.0009388714661350237
Combined_spe,8,Com_PCA,236,2,2,0.9918544338284543,0.006848300230286616,0.0012972659412589778
Combined_spe,8,Com_PCA,237,2,2,0.9933367080376555,0.005772562889414115,0.0008907290729305127
Combined_spe,8,Com_PCA,238,2,2,0.9943111182164134,0.004813439978013514,0.0008754418055732238
Combined_spe,8,Com_PCA,239,2,2,0.9931815604566474,0.005757674821210966,0.0010607647221417141
Combined_spe,8,Com_PCA,240,2,3,0.0391188333355335,0.9468175663102356,0.014063600354230819
Combined_spe,8,Com_PCA,241,2,3,0.19800249173490267,0.779988851115013,0.02200865715008434
Combined_spe,8,Com_PCA,242,2,2,0.6681882826638507,0.3063353741260311,0.02547634321011812
Combined_spe,8,Com_PCA,339,3,3,0.044243685648324524,0.9440890436977588,0.011667270653916697
Combined_spe,8,Com_PCA,340,3,2,0.9234265489062713,0.03300806807764503,0.043565383016083696
Combined_spe,8,Com_PCA,341,3,2,0.9145007351426383,0.036703942969354066,0.04879532188800755
Combined_spe,8,Com_PCA,342,3,2,0.929425744750632,0.030569071346239148,0.04000518390312866
Combined_spe,8,Com_PCA,343,3,2,0.925573901793045,0.028410238810381436,0.04601585939657362
Combined_spe,8,Com_PCA,344,3,2,0.9345196565036302,0.024041666705973942,0.04143867679039592
Combined_spe,8,Com_PCA,345,3,3,0.030828386227046048,0.9453306334126184,0.02384098036033551
Combined_spe,8,Com_PCA,346,3,3,0.035387398835796384,0.942077763203332,0.022534837960871783
Combined_spe,8,Com_PCA,403,4,4,0.015432783375886211,0.00797297117210528,0.9765942454520088
Combined_spe,8,Com_PCA,404,4,4,0.015518169263271774,0.006741243998557442,0.9777405867381709
Combined_spe,8,Com_PCA,405,4,2,0.8105236137996101,0.00793462916742751,0.18154175703296233
Combined_spe,8,Com_PCA,406,4,2,0.6825410386076025,0.009404004142456571,0.30805495724994064
Combined_spe,8,Com_PCA,407,4,4,0.32817908179503763,0.014658423381282358,0.65716249482368
Combined_spe,8,Com_PCA,408,4,4,0.07530700061266252,0.008660896220720268,0.9160321031666173
Combined_spe,8,Selecao_interna,216,2,2,0.9998786559059656,0.00011994442223330893,1.3996718010687418e-06
Combined_spe,8,Selecao_interna,217,2,2,0.9997722392647151,0.00022620199495923323,1.558740325660871e-06
Combined_spe,8,Selecao_interna,218,2,2,0.9989107448758087,0.0010834005381890244,5.854586002486796e-06
Combined_spe,8,Selecao_interna,219,2,2,0.9999608451179497,3.875472140096431e-05,4.001606493488272e-07
Combined_spe,8,Selecao_interna,220,2,2,0.8788438534716203,0.030916124327451198,0.09024002220092846
Combined_spe,8,Selecao_interna,221,2,2,0.7934492941742506,0.02004946686952503,0.1865012389562244
Combined_spe,8,Selecao_interna,222,2,2,0.8134045265118006,0.023182330385945638,0.16341314310225366
Combined_spe,8,Selecao_interna,223,2,2,0.8064678048654788,0.009800600775700994,0.1837315943588203
Combined_spe,8,Selecao_interna,224,2,2,0.6556623204806237,0.022048407042335946,0.3222892724770404
Combined_spe,8,Selecao_interna,225,2,3,0.055234617823483614,0.7556915660000265,0.1890738161764899
Combined_spe,8,Selecao_interna,226,2,3,0.18037999197330212,0.5911943258444605,0.22842568218223733
Combined_spe,8,Selecao_interna,227,2,3,0.10361505528008437,0.4664321392073615,0.42995280551255416
Combined_spe,8,Selecao_interna,228,2,4,0.2797480499464175,0.3551282535910146,0.3651236964625678
Combined_spe,8,Selecao_interna,229,2,3,0.12091026712327228,0.4509940058968705,0.42809572697985726
Combined_spe,8,Selecao_interna,230,2,2,0.9999981498701167,1.6118432204385325e-06,2.382866630220831e-07
Combined_spe,8,Selecao_interna,231,2,2,0.9999997147950045,2.1056114019840697e-07,7.464385528392357e-08
Combined_spe,8,Selecao_interna,232,2,2,0.9999986271430041,1.0256169425356162e-06,3.472400533008396e-07
Combined_spe,8,Selecao_interna,233,2,2,0.999999946166396,4.349059580093245e-08,1.0343008142439197e-08
Combined_spe,8,Selecao_interna,234,2,2,0.9999989387103897,8.983067655757361e-07,1.6298284473752944e-07
Combined_spe,8,Selecao_interna,235,2,2,0.9987889781802912,0.0012088969516178259,2.12486809099818e-06
Combined_spe,8,Selecao_interna,236,2,2,0.9986736124237274,0.0013230428245530092,3.3447517195070395e-06
Combined_spe,8,Selecao_interna,237,2,2,0.9967618239034464,0.0032363285710550957,1.847525498601917e-06
Combined_spe,8,Selecao_interna,238,2,2,0.9998597830562824,0.0001397148368776595,5.021068398760613e-07
Combined_spe,8,Selecao_interna,239,2,2,0.9996582583691842,0.00033936754580195607,2.3740850138431137e-06
Combined_spe,8,Selecao_interna,240,2,3,0.0005362970717092732,0.9994546540610876,9.048867202984162e-06
Combined_spe,8,Selecao_interna,241,2,3,0.005567586695129269,0.9943551455675247,7.72677373460218e-05
Combined_spe,8,Selecao_interna,242,2,3,0.2267472409383578,0.7675912872409961,0.005661471820645928
Combined_spe,8,Selecao_interna,339,3,3,0.00828278292788393,0.991704389385651,1.2827686465023639e-05
Combined_spe,8,Selecao_interna,340,3,3,0.28802058971512606,0.7115616047517499,0.0004178055331240144
Combined_spe,8,Selecao_interna,341,3,3,0.05343843024040035,0.9463170004899458,0.0002445692696537712
Combined_spe,8,Selecao_interna,342,3,3,0.15977381630280404,0.8399423294268571,0.0002838542703386807
Combined_spe,8,Selecao_interna,343,3,3,0.23107524922131054,0.76829389447299,0.0006308563056995495
Combined_spe,8,Selecao_interna,344,3,3,0.30798132217412993,0.6914179406053046,0.0006007372205656468
Combined_spe,8,Selecao_interna,345,3,3,0.0008432402714616746,0.9989529642888872,0.00020379543965109577
Combined_spe,8,Selecao_interna,346,3,3,0.0026066454968074744,0.9970518805126853,0.0003414739905073151
Combined_spe,8,Selecao_interna,403,4,4,2.7003108043435805e-08,8.138157004424063e-06,0.9999918348398874
Combined_spe,8,Selecao_interna,404,4,4,3.943320016021548e-09,9.68555484199048e-06,0.9999903105018378
Combined_spe,8,Selecao_interna,405,4,4,0.04582983351200307,0.0006819555544834078,0.9534882109335135
Combined_spe,8,Selecao_interna,406,4,4,0.11500199809033018,8.140087813133975e-05,0.8849166010315385
Combined_spe,8,Selecao_interna,407,4,4,0.046194625991309884,7.691416486051005e-06,0.9537976825922041
Combined_spe,8,Selecao_interna,408,4,4,0.029252295282216716,6.727075199020795e-07,0.9707470320102632
Combined_spe,9,Sem_PCA,243,2,2,0.9740519101540479,0.00790759408751072,0.018040495758441237
Combined_spe,9,Sem_PCA,244,2,2,0.8121647188238741,0.021534312635824632,0.1663009685403013
Combined_spe,9,Sem_PCA,245,2,2,0.9947252860169814,0.005059044907033513,0.00021566907598502463
Combined_spe,9,Sem_PCA,246,2,2,0.9993636975524743,0.0005859574139173511,5.034503360841396e-05
Combined_spe,9,Sem_PCA,247,2,2,0.9975955787095402,0.0021941005974992402,0.00021032069296059467
Combined_spe,9,Sem_PCA,248,2,2,0.9889239208814535,0.010622770464975513,0.0004533086535710163
Combined_spe,9,Sem_PCA,249,2,2,0.9980003499618998,0.0018337786156630623,0.00016587142243718105
Combined_spe,9,Sem_PCA,250,2,2,0.6034561863028581,0.026085781063924673,0.37045803263321714
Combined_spe,9,Sem_PCA,251,2,2,0.5571535428195395,0.01892751003070166,0.42391894714975886
Combined_spe,9,Sem_PCA,252,2,2,0.4980154670547914,0.03351450583212699,0.4684700271130817
Combined_spe,9,Sem_PCA,253,2,2,0.6628888394561929,0.05135270935345955,0.2857584511903475
Combined_spe,9,Sem_PCA,254,2,2,0.5257842085416127,0.06934795852544272,0.4048678329329446
Combined_spe,9,Sem_PCA,255,2,2,0.998080632038269,3.6081109260389784e-10,0.0019193676009199125
Combined_spe,9,Sem_PCA,256,2,2,0.9983314984474477,2.1528140733118815e-10,0.0016685013372708247
Combined_spe,9,Sem_PCA,257,2,2,0.9933232813896001,9.732604029477424e-10,0.006676717637139407
Combined_spe,9,Sem_PCA,258,2,2,0.9962038951308692,1.2244179625478302e-10,0.003796104746689192
Combined_spe,9,Sem_PCA,259,2,2,0.9969889103286593,2.489817449726466e-10,0.003011089422358915
Combined_spe,9,Sem_PCA,260,2,4,0.4837973840360269,1.0944327896515418e-35,0.5162026159639731
Combined_spe,9,Sem_PCA,261,2,2,0.9466910713732808,2.9281714529585467e-36,0.053308928626719224
Combined_spe,9,Sem_PCA,262,2,2,0.9995704501176977,2.497377828465784e-38,0.00042954988230229133
Combined_spe,9,Sem_PCA,263,2,2,0.9914168795969296,6.692731563016282e-36,0.008583120403070361
Combined_spe,9,Sem_PCA,264,2,2,0.8022350325078319,3.4619388875492177e-34,0.19776496749216815
Combined_spe,9,Sem_PCA,265,2,3,0.01624720349948697,0.9342900211463193,0.049462775354193675
Combined_spe,9,Sem_PCA,266,2,3,0.004159642720108162,0.9248685392148657,0.07097181806502602
Combined_spe,9,Sem_PCA,267,2,3,0.0034171493454393633,0.9503355830329091,0.0462472676216516
Combined_spe,9,Sem_PCA,268,2,3,0.019371470932152572,0.6316823313968754,0.3489461976709721
Combined_spe,9,Sem_PCA,269,2,3,0.04245374104984287,0.8551714641523313,0.10237479479782582
Combined_spe,9,Sem_PCA,347,3,3,0.0028678182780652855,0.9963158545993676,0.000816327122567117
Combined_spe,9,Sem_PCA,348,3,3,0.0008602845427703451,0.9990454301854049,9.428527182467259e-05
Combined_spe,9,Sem_PCA,349,3,3,0.0029282141478527836,0.9966163834095824,0.0004554024425647202
Combined_spe,9,Sem_PCA,350,3,3,1.4277776620500136e-09,0.9999737833127843,2.6215259438049385e-05
Combined_spe,9,Sem_PCA,351,3,3,3.287281138248195e-09,0.999980877839033,1.9118873685887904e-05
Combined_spe,9,Sem_PCA,352,3,3,8.898006579048561e-08,0.9999078361724381,9.207484749622822e-05
Combined_spe,9,Sem_PCA,353,3,3,3.484256085287176e-08,0.9999669146023052,3.305055513380454e-05
Combined_spe,9,Sem_PCA,354,3,3,2.9191187498494877e-08,0.9998627296469749,0.00013724116183761796
Combined_spe,9,Sem_PCA,409,4,4,0.000811649722365602,2.2863274168208543e-08,0.9991883274143604
Combined_spe,9,Sem_PCA,410,4,2,0.9086689394095315,0.0030765311786201685,0.08825452941184829
Combined_spe,9,Sem_PCA,411,4,2,0.8427108798736952,0.0023011391436562273,0.15498798098264868
Combined_spe,9,Sem_PCA,412,4,2,0.9273793780835337,0.005105689431279009,0.06751493248518733
Combined_spe,9,Sem_PCA,413,4,2,0.7760532796265055,0.006759160657110875,0.21718755971638362
Combined_spe,9,Sem_PCA,414,4,2,0.5961908334722533,0.006107706397783879,0.39770146012996266
Combined_spe,9,Com_PCA,243,2,2,0.9890571590473723,0.0017509025551109452,0.009191938397516839
Combined_spe,9,Com_PCA,244,2,2,0.8878712090743118,0.003339414219222383,0.10878937670646575
Combined_spe,9,Com_PCA,245,2,2,0.9918796068807962,0.007999791525613913,0.00012060159358972016
Combined_spe,9,Com_PCA,246,2,2,0.9991864322376571,0.0007950514230504847,1.851633929231605e-05
Combined_spe,9,Com_PCA,247,2,2,0.9972326265497221,0.002683353755146068,8.401969513171239e-05
Combined_spe,9,Com_PCA,248,2,2,0.9839838890242903,0.015822731964023888,0.00019337901168572667
Combined_spe,9,Com_PCA,249,2,2,0.9969972471376504,0.0029410998402273287,6.165302212237238e-05
Combined_spe,9,Com_PCA,250,2,4,0.3742514223339239,0.004473012231999923,0.6212755654340762
Combined_spe,9,Com_PCA,251,2,4,0.3145270314417407,0.004120142096032088,0.6813528264622273
Combined_spe,9,Com_PCA,252,2,4,0.2951288035585272,0.0068579813758693755,0.6980132150656035
Combined_spe,9,Com_PCA,253,2,4,0.4634618950390468,0.01250749048642052,0.5240306144745328
Combined_spe,9,Com_PCA,254,2,4,0.3281595704028737,0.014185552414450589,0.6576548771826757
Combined_spe,9,Com_PCA,255,2,2,0.9800413166648312,1.2553654386474908e-11,0.01995868332261517
Combined_spe,9,Com_PCA,256,2,2,0.9828357040925265,6.273564420290732e-12,0.017164295901199982
Combined_spe,9,Com_PCA,257,2,2,0.9161394695236945,2.348110719679552e-11,0.08386053045282445
Combined_spe,9,Com_PCA,258,2,2,0.9332974301414251,2.6712140135712908e-12,0.06670256985590366
Combined_spe,9,Com_PCA,259,2,2,0.9474011318769529,6.458638450040035e-12,0.05259886811658857
Combined_spe,9,Com_PCA,260,2,4,8.168185763811814e-05,1.9786307557198146e-46,0.999918318142362
Combined_spe,9,Com_PCA,261,2,4,0.000530937272733491,3.018320213443887e-46,0.9994690627272665
Combined_spe,9,Com_PCA,262,2,4,0.0213492213425377,6.86281109355513e-47,0.9786507786574623
Combined_spe,9,Com_PCA,263,2,4,0.0015988283710640357,1.3846778862400151e-45,0.9984011716289358
Combined_spe,9,Com_PCA,264,2,4,9.994808929091299e-05,6.844668929949504e-45,0.9999000519107092
Combined_spe,9,Com_PCA,265,2,3,0.01526747356655847,0.9794160861276672,0.005316440305774274
Combined_spe,9,Com_PCA,266,2,3,0.0030053660029053216,0.9844426667480198,0.012551967249074713
Combined_spe,9,Com_PCA,267,2,3,0.003345357738954558,0.9923511989606149,0.004303443300430584
Combined_spe,9,Com_PCA,268,2,3,0.030485687962700826,0.8959080996084423,0.07360621242885691
Combined_spe,9,Com_PCA,269,2,3,0.0452412432606564,0.9411669705944641,0.013591786144879572
Combined_spe,9,Com_PCA,347,3,3,0.0028641907756908683,0.9961508046968091,0.000985004527499987
Combined_spe,9,Com_PCA,348,3,3,0.0007007841490521119,0.9992190951298293,8.0120721118371e-05
Combined_spe,9,Com_PCA,349,3,3,0.003018353611078803,0.9964170388647405,0.0005646075241808675
Combined_spe,9,Com_PCA,350,3,3,7.460446842646175e-10,0.999999346046643,6.532073123048535e-07
Combined_spe,9,Com_PCA,351,3,3,8.987862198613473e-10,0.9999996264675558,3.726336579613771e-07
Combined_spe,9,Com_PCA,352,3,3,3.988032865074641e-08,0.9999979774692748,1.9826503964051263e-06
Combined_spe,9,Com_PCA,353,3,3,1.2587907334034264e-08,0.9999995645737656,4.2283832717568905e-07
Combined_spe,9,Com_PCA,354,3,3,1.2337354713058158e-08,0.9999957066115046,4.281051140512403e-06
Combined_spe,9,Com_PCA,409,4,4,0.0005640956813998767,3.7408844157047914e-10,0.9994359039445118
Combined_spe,9,Com_PCA,410,4,2,0.9903835495570642,0.0005339031301597742,0.009082547312775932
Combined_spe,9,Com_PCA,411,4,2,0.9786251413927626,0.0003332268166641699,0.021041631790573254
Combined_spe,9,Com_PCA,412,4,2,0.9933131812904885,0.0007180698674865846,0.0059687488420249145
Combined_spe,9,Com_PCA,413,4,2,0.9755111393069457,0.000927678290346103,0.02356118240270821
Combined_spe,9,Com_PCA,414,4,2,0.9104842135142747,0.0012203737066331529,0.08829541277909218
Combined_spe,9,Selecao_interna,243,2,2,0.9740519101540479,0.00790759408751072,0.018040495758441237
Combined_spe,9,Selecao_interna,244,2,2,0.8121647188238741,0.021534312635824632,0.1663009685403013
Combined_spe,9,Selecao_interna,245,2,2,0.9947252860169814,0.005059044907033513,0.00021566907598502463
Combined_spe,9,Selecao_interna,246,2,2,0.9993636975524743,0.0005859574139173511,5.034503360841396e-05
Combined_spe,9,Selecao_interna,247,2,2,0.9975955787095402,0.0021941005974992402,0.00021032069296059467
Combined_spe,9,Selecao_interna,248,2,2,0.9889239208814535,0.010622770464975513,0.0004533086535710163
Combined_spe,9,Selecao_interna,249,2,2,0.9980003499618998,0.0018337786156630623,0.00016587142243718105
Combined_spe,9,Selecao_interna,250,2,2,0.6034561863028581,0.026085781063924673,0.37045803263321714
Combined_spe,9,Selecao_interna,251,2,2,0.5571535428195395,0.01892751003070166,0.42391894714975886
Combined_spe,9,Selecao_interna,252,2,2,0.4980154670547914,0.03351450583212699,0.4684700271130817
Combined_spe,9,Selecao_interna,253,2,2,0.6628888394561929,0.05135270935345955,0.2857584511903475
Combined_spe,9,Selecao_interna,254,2,2,0.5257842085416127,0.06934795852544272,0.4048678329329446
Combined_spe,9,Selecao_interna,255,2,2,0.998080632038269,3.6081109260389784e-10,0.0019193676009199125
Combined_spe,9,Selecao_interna,256,2,2,0.9983314984474477,2.1528140733118815e-10,0.0016685013372708247
Combined_spe,9,Selecao_interna,257,2,2,0.9933232813896001,9.732604029477424e-10,0.006676717637139407
Combined_spe,9,Selecao_interna,258,2,2,0.9962038951308692,1.2244179625478302e-10,0.003796104746689192
Combined_spe,9,Selecao_interna,259,2,2,0.9969889103286593,2.489817449726466e-10,0.003011089422358915
Combined_spe,9,Selecao_interna,260,2,4,0.4837973840360269,1.0944327896515418e-35,0.5162026159639731
Combined_spe,9,Selecao_interna,261,2,2,0.9466910713732808,2.9281714529585467e-36,0.053308928626719224
Combined_spe,9,Selecao_interna,262,2,2,0.9995704501176977,2.497377828465784e-38,0.00042954988230229133
Combined_spe,9,Selecao_interna,263,2,2,0.9914168795969296,6.692731563016282e-36,0.008583120403070361
Combined_spe,9,Selecao_interna,264,2,2,0.8022350325078319,3.4619388875492177e-34,0.19776496749216815
Combined_spe,9,Selecao_interna,265,2,3,0.01624720349948697,0.9342900211463193,0.049462775354193675
Combined_spe,9,Selecao_interna,266,2,3,0.004159642720108162,0.9248685392148657,0.07097181806502602
Combined_spe,9,Selecao_interna,267,2,3,0.0034171493454393633,0.9503355830329091,0.0462472676216516
Combined_spe,9,Selecao_interna,268,2,3,0.019371470932152572,0.6316823313968754,0.3489461976709721
Combined_spe,9,Selecao_interna,269,2,3,0.04245374104984287,0.8551714641523313,0.10237479479782582
Combined_spe,9,Selecao_interna,347,3,3,0.0028678182780652855,0.9963158545993676,0.000816327122567117
Combined_spe,9,Selecao_interna,348,3,3,0.0008602845427703451,0.9990454301854049,9.428527182467259e-05
Combined_spe,9,Selecao_interna,349,3,3,0.0029282141478527836,0.9966163834095824,0.0004554024425647202
Combined_spe,9,Selecao_interna,350,3,3,1.4277776620500136e-09,0.9999737833127843,2.6215259438049385e-05
Combined_spe,9,Selecao_interna,351,3,3,3.287281138248195e-09,0.999980877839033,1.9118873685887904e-05
Combined_spe,9,Selecao_interna,352,3,3,8.898006579048561e-08,0.9999078361724381,9.207484749622822e-05
Combined_spe,9,Selecao_interna,353,3,3,3.484256085287176e-08,0.9999669146023052,3.305055513380454e-05
Combined_spe,9,Selecao_interna,354,3,3,2.9191187498494877e-08,0.9998627296469749,0.00013724116183761796
Combined_spe,9,Selecao_interna,409,4,4,0.000811649722365602,2.2863274168208543e-08,0.9991883274143604
Combined_spe,9,Selecao_interna,410,4,2,0.9086689394095315,0.0030765311786201685,0.08825452941184829
Combined_spe,9,Selecao_interna,411,4,2,0.8427108798736952,0.0023011391436562273,0.15498798098264868
Combined_spe,9,Selecao_interna,412,4,2,0.9273793780835337,0.005105689431279009,0.06751493248518733
Combined_spe,9,Selecao_interna,413,4,2,0.7760532796265055,0.006759160657110875,0.21718755971638362
Combined_spe,9,Selecao_interna,414,4,2,0.5961908334722533,0.006107706397783879,0.39770146012996266
